Timestamp,SensorValue,AIScore,Action
1785167276,18.2278,0.727543,FLOWING
1785167277,18.2008,0.727535,FLOWING
1785167277,18.2194,0.727515,FLOWING
1785167278,18.2355,0.727525,FLOWING
1785167278,18.1989,0.727496,FLOWING
1785167279,18.1574,0.727401,FLOWING
1785167280,18.1813,0.727453,FLOWING
1785167280,18.1711,0.727402,FLOWING
1785167281,18.1562,0.727364,FLOWING
1785167281,18.1363,0.727306,FLOWING
1785167282,18.1546,0.727356,FLOWING
1785167283,18.1296,0.727264,FLOWING
1785167283,18.2193,0.727447,FLOWING
1785167284,18.1676,0.727351,FLOWING
1785167284,18.2177,0.727435,FLOWING
1785167285,18.1271,0.727244,FLOWING
1785167286,18.2006,0.727426,FLOWING
1785167352,18.1857,0.727376,FLOWING
1785167287,18.1548,0.727307,FLOWING
1785167287,18.1915,0.727388,FLOWING
1785167288,18.1622,0.727307,FLOWING
1785167289,18.1869,0.727366,FLOWING
1785167289,18.1312,0.727199,FLOWING
1785167290,18.1663,0.727287,FLOWING
1785167290,18.1721,0.727304,FLOWING
1785167291,18.1134,0.727143,FLOWING
1785167292,18.1938,0.727346,FLOWING
1785167292,18.1229,0.727134,FLOWING
1785167293,18.114,0.727107,FLOWING
1785167293,18.1574,0.727229,FLOWING
1785167294,18.1792,0.727276,FLOWING
1785167295,18.1292,0.727134,FLOWING
1785167295,18.096,0.727036,FLOWING
1785167296,18.138,0.727146,FLOWING
1785167296,18.1806,0.727251,FLOWING
1785167297,18.1012,0.727028,FLOWING
1785167298,18.1427,0.727149,FLOWING
1785167298,18.169,0.727202,FLOWING
1785167299,18.1394,0.727114,FLOWING
1785167299,18.1376,0.727092,FLOWING
1785167300,18.0924,0.726976,FLOWING
1785167301,18.1294,0.727073,FLOWING
1785167301,18.1009,0.726986,FLOWING
1785167302,18.1362,0.72707,FLOWING
1785167302,18.1613,0.72713,FLOWING
1785167303,18.1475,0.727076,FLOWING
1785167304,18.0692,0.726885,FLOWING
1785167304,18.1064,0.726964,FLOWING
1785167305,18.1372,0.727044,FLOWING
1785167305,18.1412,0.72704,FLOWING
1785167306,18.0743,0.726867,FLOWING
1785167372,18.0586,0.726824,FLOWING
1785167373,18.1172,0.726961,FLOWING
1785167373,18.0955,0.726882,FLOWING
1785167308,18.1134,0.726925,FLOWING
1785167308,18.1228,0.726956,FLOWING
1785167309,18.0469,0.726755,FLOWING
1785167310,18.0643,0.726793,FLOWING
1785167310,18.0854,0.726822,FLOWING
1785167377,18.0537,0.726746,FLOWING
1785167312,18.1352,0.726947,FLOWING
1785167312,18.0577,0.726745,FLOWING
1785167313,18.1016,0.726838,FLOWING
1785167314,18.0408,0.726667,FLOWING
1785167314,18.0858,0.726791,FLOWING
1785167315,18.1178,0.726879,FLOWING
1785167315,18.1198,0.726856,FLOWING
1785167382,18.0364,0.726629,FLOWING
1785167382,18.0989,0.726792,FLOWING
1785167317,18.0968,0.726799,FLOWING
1785167318,18.0298,0.7266,FLOWING
1785167318,18.1065,0.726788,FLOWING
1785167319,18.046,0.726621,FLOWING
1785167319,18.1122,0.726802,FLOWING
1785167320,18.0568,0.72665,FLOWING
1785167321,18.0181,0.726538,FLOWING
1785167387,18.0476,0.726601,FLOWING
1785167322,18.0418,0.726581,FLOWING
1785167323,18.0689,0.726656,FLOWING
1785167323,18.1042,0.726741,FLOWING
1785167324,18.0637,0.726625,FLOWING
1785167324,18.0296,0.726525,FLOWING
1785167325,18.0497,0.726571,FLOWING
1785167326,18.014,0.726464,FLOWING
1785167326,18.0915,0.726682,FLOWING
1785167327,18.0728,0.7266,FLOWING
1785167328,17.9942,0.726404,FLOWING
1785167328,18.0591,0.726548,FLOWING
1785167329,18.0013,0.726411,FLOWING
1785167329,18.073,0.726598,FLOWING
1785167330,18.0198,0.726449,FLOWING
1785167331,18.0567,0.726535,FLOWING
1785167331,17.9889,0.726328,FLOWING
1785167332,18.0369,0.726465,FLOWING
1785167332,18.0535,0.7265,FLOWING
1785167333,17.9779,0.726287,FLOWING
1785167334,18.0449,0.726454,FLOWING
1785167334,18.0492,0.726477,FLOWING
1785167335,17.972,0.726257,FLOWING
1785167335,18.0027,0.726325,FLOWING
1785167336,17.9794,0.72626,FLOWING
1785167337,17.9974,0.726293,FLOWING
1785167337,18.0291,0.726385,FLOWING
1785167338,18.0383,0.726382,FLOWING
1785167338,18.0532,0.726419,FLOWING
1785167339,17.9893,0.726244,FLOWING
1785167340,17.9964,0.72626,FLOWING
1785167340,17.995,0.726258,FLOWING
1785167341,17.9582,0.726158,FLOWING
1785167407,18.0056,0.726265,FLOWING
1785167342,17.9678,0.726172,FLOWING
1785167343,17.9996,0.726244,FLOWING
1785167343,17.9911,0.726202,FLOWING
1785167344,18.0133,0.726259,FLOWING
1785167345,17.9943,0.726192,FLOWING
1785167345,18.0039,0.726231,FLOWING
1785167346,17.9437,0.726062,FLOWING
1785167412,18.0273,0.726274,FLOWING
1785167412,18.0064,0.726213,FLOWING
1785167413,17.9562,0.726077,FLOWING
1785167348,17.9385,0.726004,FLOWING
1785167349,17.9886,0.726148,FLOWING
1785167350,17.9713,0.72609,FLOWING
1785167350,17.9373,0.726,FLOWING
1785167351,17.9464,0.726016,FLOWING
1785167352,18.0066,0.72616,FLOWING
1785167352,17.9901,0.726113,FLOWING
1785167352,17.9642,0.726041,FLOWING
1785167353,17.992,0.726107,FLOWING
1785167353,17.9556,0.726005,FLOWING
1785167354,17.9745,0.726031,FLOWING
1785167355,17.9643,0.72601,FLOWING
1785167355,17.9268,0.725885,FLOWING
1785167356,17.9888,0.726045,FLOWING
1785167422,17.9835,0.726044,FLOWING
1785167422,17.9631,0.725979,FLOWING
1785167358,17.9737,0.725995,FLOWING
1785167359,17.9639,0.725963,FLOWING
1785167359,17.9768,0.72599,FLOWING
1785167360,17.9266,0.725861,FLOWING
1785167361,17.9765,0.725971,FLOWING
1785167361,17.9053,0.725787,FLOWING
1785167427,17.9108,0.725776,FLOWING
1785167362,17.9381,0.725858,FLOWING
1785167362,17.9274,0.725801,FLOWING
1785167363,17.9576,0.725894,FLOWING
1785167364,17.9164,0.725764,FLOWING
1785167364,17.9501,0.725857,FLOWING
1785167365,17.8792,0.725653,FLOWING
1785167365,17.9748,0.725907,FLOWING
1785167366,17.9713,0.725901,FLOWING
1785167367,17.8982,0.725697,FLOWING
1785167367,17.9265,0.725769,FLOWING
1785167368,17.8903,0.725662,FLOWING
1785167369,17.9003,0.725665,FLOWING
1785167369,17.9631,0.725829,FLOWING
1785167370,17.9502,0.725799,FLOWING
1785167370,17.9003,0.725652,FLOWING
1785167371,17.877,0.725573,FLOWING
1785167437,17.9167,0.725678,FLOWING
1785167437,17.9183,0.725681,FLOWING
1785167373,17.9138,0.725669,FLOWING
1785167374,17.894,0.725589,FLOWING
1785167374,17.936,0.725712,FLOWING
1785167375,17.8536,0.725483,FLOWING
1785167375,17.9142,0.725644,FLOWING
1785167376,17.943,0.725705,FLOWING
1785167442,17.9374,0.725682,FLOWING
1785167377,17.8425,0.725417,FLOWING
1785167378,17.9087,0.725598,FLOWING
1785167378,17.898,0.725548,FLOWING
1785167379,17.8837,0.725504,FLOWING
1785167380,17.8518,0.72541,FLOWING
1785167380,17.8482,0.725388,FLOWING
1785167381,17.8826,0.725497,FLOWING
1785167381,17.8427,0.725384,FLOWING
1785167447,17.8642,0.72541,FLOWING
1785167448,17.8502,0.72537,FLOWING
1785167448,17.9214,0.725555,FLOWING
1785167449,17.8479,0.725361,FLOWING
1785167449,17.8659,0.725386,FLOWING
1785167450,17.8623,0.725396,FLOWING
1785167451,17.8314,0.725301,FLOWING
1785167451,17.9144,0.725505,FLOWING
1785167452,17.8478,0.725311,FLOWING
1785167452,17.8863,0.725426,FLOWING
1785167453,17.8825,0.725409,FLOWING
1785167454,17.8441,0.725298,FLOWING
1785167454,17.8837,0.725377,FLOWING
1785167455,17.8893,0.725402,FLOWING
1785167455,17.9007,0.72541,FLOWING
1785167456,17.8144,0.725192,FLOWING
1785167457,17.8515,0.725266,FLOWING
1785167457,17.8126,0.725175,FLOWING
1785167458,17.8535,0.725262,FLOWING
1785167458,17.8214,0.72518,FLOWING
1785167459,17.8206,0.725176,FLOWING
1785167460,17.8246,0.725162,FLOWING
1785167460,17.8601,0.72527,FLOWING
1785167461,17.8232,0.725146,FLOWING
1785167461,17.8162,0.725115,FLOWING
1785167462,17.8452,0.725192,FLOWING
1785167397,17.8025,0.72508,FLOWING
1785167398,17.8657,0.725245,FLOWING
1785167398,17.7856,0.72502,FLOWING
1785167399,17.857,0.725201,FLOWING
1785167400,17.8062,0.725051,FLOWING
1785167400,17.835,0.725124,FLOWING
1785167401,17.8466,0.725153,FLOWING
1785167402,17.8628,0.725196,FLOWING
1785167402,17.8518,0.725158,FLOWING
1785167403,17.8553,0.72515,FLOWING
1785167403,17.834,0.725098,FLOWING
1785167404,17.7611,0.724878,FLOWING
1785167405,17.8392,0.725077,FLOWING
1785167405,17.8364,0.725074,FLOWING
1785167406,17.828,0.725043,FLOWING
1785167472,17.8313,0.725043,FLOWING
1785167407,17.8256,0.725035,FLOWING
1785167408,17.7545,0.724839,FLOWING
1785167408,17.8192,0.724993,FLOWING
1785167409,17.7517,0.724797,FLOWING
1785167409,17.7803,0.724883,FLOWING
1785167410,17.7551,0.724794,FLOWING
1785167411,17.7604,0.724801,FLOWING
1785167411,17.767,0.72481,FLOWING
1785167477,17.8165,0.724933,FLOWING
1785167478,17.7852,0.724864,FLOWING
1785167478,17.7778,0.724839,FLOWING
1785167479,17.8293,0.724949,FLOWING
1785167480,17.748,0.724725,FLOWING
1785167480,17.7684,0.724793,FLOWING
1785167481,17.7484,0.724711,FLOWING
1785167481,17.8064,0.724875,FLOWING
1785167482,17.7519,0.724729,FLOWING
1785167483,17.7377,0.724659,FLOWING
1785167483,17.7496,0.724696,FLOWING
1785167484,17.7661,0.724739,FLOWING
1785167484,17.7489,0.724688,FLOWING
1785167485,17.7959,0.724787,FLOWING
1785167486,17.7247,0.724614,FLOWING
1785167486,17.7147,0.72456,FLOWING
1785167487,17.7489,0.724645,FLOWING
1785167487,17.7618,0.724691,FLOWING
1785167488,17.7531,0.724646,FLOWING
1785167489,17.7986,0.724769,FLOWING
1785167489,17.7334,0.724576,FLOWING
1785167490,17.7941,0.724743,FLOWING
1785167490,17.724,0.724547,FLOWING
1785167491,17.6965,0.72446,FLOWING
1785167492,17.7068,0.724485,FLOWING
1785167492,17.7881,0.724696,FLOWING
1785167493,17.7237,0.724521,FLOWING
1785167493,17.7733,0.724636,FLOWING
1785167494,17.7328,0.724533,FLOWING
1785167495,17.696,0.724419,FLOWING
1785167495,17.7539,0.724558,FLOWING
1785167496,17.6849,0.724382,FLOWING
1785167496,17.7467,0.724527,FLOWING
1785167431,17.7674,0.724589,FLOWING
1785167432,17.7562,0.724556,FLOWING
1785167433,17.7308,0.724466,FLOWING
1785167433,17.6903,0.724352,FLOWING
1785167434,17.7325,0.72445,FLOWING
1785167434,17.7528,0.724509,FLOWING
1785167435,17.6868,0.724326,FLOWING
1785167436,17.7321,0.724427,FLOWING
1785167502,17.6809,0.724284,FLOWING
1785167502,17.6792,0.724277,FLOWING
1785167503,17.6887,0.724293,FLOWING
1785167504,17.6587,0.724227,FLOWING
1785167504,17.7244,0.724376,FLOWING
1785167505,17.752,0.724441,FLOWING
1785167505,17.7206,0.724357,FLOWING
1785167506,17.683,0.724249,FLOWING
1785167507,17.6834,0.724249,FLOWING
1785167507,17.6902,0.724262,FLOWING
1785167508,17.7305,0.72436,FLOWING
1785167508,17.717,0.724327,FLOWING
1785167509,17.7231,0.724319,FLOWING
1785167510,17.7298,0.724339,FLOWING
1785167510,17.6459,0.724091,FLOWING
1785167511,17.6515,0.724099,FLOWING
1785167511,17.6707,0.724159,FLOWING
1785167512,17.6546,0.724093,FLOWING
1785167513,17.6694,0.724127,FLOWING
1785167513,17.6661,0.724108,FLOWING
1785167514,17.6945,0.724181,FLOWING
1785167514,17.6302,0.72402,FLOWING
1785167515,17.7204,0.724254,FLOWING
1785167516,17.7026,0.724201,FLOWING
1785167516,17.6349,0.724001,FLOWING
1785167517,17.6187,0.72395,FLOWING
1785167517,17.6179,0.723935,FLOWING
1785167452,17.6369,0.723992,FLOWING
1785167453,17.6787,0.724102,FLOWING
1785167454,17.66,0.724037,FLOWING
1785167454,17.616,0.723915,FLOWING
1785167455,17.6569,0.724019,FLOWING
1785167455,17.619,0.723902,FLOWING
1785167456,17.6039,0.723865,FLOWING
1785167522,17.6343,0.723942,FLOWING
1785167457,17.6289,0.723921,FLOWING
1785167458,17.6767,0.724016,FLOWING
1785167458,17.6262,0.723889,FLOWING
1785167459,17.6519,0.723934,FLOWING
1785167460,17.596,0.72378,FLOWING
1785167460,17.6121,0.723841,FLOWING
1785167461,17.6441,0.723904,FLOWING
1785167527,17.598,0.723775,FLOWING
1785167462,17.585,0.723727,FLOWING
1785167463,17.5933,0.723739,FLOWING
1785167463,17.6639,0.723936,FLOWING
1785167464,17.6122,0.723797,FLOWING
1785167465,17.6356,0.723835,FLOWING
1785167465,17.618,0.723798,FLOWING
1785167466,17.5985,0.723736,FLOWING
1785167532,17.6611,0.723882,FLOWING
1785167532,17.5828,0.723676,FLOWING
1785167533,17.6533,0.72384,FLOWING
1785167534,17.6561,0.723861,FLOWING
1785167534,17.6093,0.723731,FLOWING
1785167535,17.6489,0.723828,FLOWING
1785167535,17.6044,0.723685,FLOWING
1785167536,17.5864,0.723631,FLOWING
1785167537,17.6154,0.723697,FLOWING
1785167537,17.5936,0.723632,FLOWING
1785167538,17.5543,0.72352,FLOWING
1785167538,17.5654,0.723556,FLOWING
1785167539,17.5909,0.723626,FLOWING
1785167540,17.5623,0.723543,FLOWING
1785167540,17.6245,0.723682,FLOWING
1785167541,17.5795,0.723562,FLOWING
1785167541,17.551,0.72347,FLOWING
1785167542,17.5984,0.723609,FLOWING
1785167543,17.5739,0.723534,FLOWING
1785167543,17.5978,0.723575,FLOWING
1785167544,17.5726,0.72351,FLOWING
1785167544,17.5619,0.723486,FLOWING
1785167545,17.5962,0.723552,FLOWING
1785167546,17.5445,0.723399,FLOWING
1785167546,17.5706,0.723463,FLOWING
1785167547,17.5617,0.723451,FLOWING
1785167482,17.6183,0.723581,FLOWING
1785167483,17.5278,0.723337,FLOWING
1785167483,17.5221,0.723317,FLOWING
1785167484,17.6157,0.723559,FLOWING
1785167484,17.5443,0.723351,FLOWING
1785167485,17.5748,0.723438,FLOWING
1785167486,17.526,0.723306,FLOWING
1785167486,17.5171,0.723277,FLOWING
1785167487,17.5968,0.723487,FLOWING
1785167488,17.5102,0.723237,FLOWING
1785167488,17.526,0.723258,FLOWING
1785167489,17.5642,0.723376,FLOWING
1785167489,17.5461,0.7233,FLOWING
1785167490,17.5989,0.723449,FLOWING
1785167491,17.5497,0.723316,FLOWING
1785167491,17.5263,0.723229,FLOWING
1785167557,17.5913,0.723402,FLOWING
1785167492,17.4991,0.723155,FLOWING
1785167493,17.5428,0.723255,FLOWING
1785167493,17.4993,0.723144,FLOWING
1785167494,17.5636,0.723311,FLOWING
1785167495,17.5135,0.723154,FLOWING
1785167495,17.4998,0.723125,FLOWING
1785167496,17.4978,0.723096,FLOWING
1785167562,17.5266,0.723163,FLOWING
1785167497,17.4939,0.723065,FLOWING
1785167498,17.5073,0.7231,FLOWING
1785167498,17.5242,0.723153,FLOWING
1785167499,17.5393,0.723189,FLOWING
1785167500,17.5459,0.723178,FLOWING
1785167500,17.5443,0.723187,FLOWING
1785167501,17.5539,0.7232,FLOWING
1785167501,17.559,0.723213,FLOWING
1785167567,17.5532,0.723178,FLOWING
1785167568,17.4624,0.722925,FLOWING
1785167568,17.466,0.722918,FLOWING
1785167569,17.4701,0.722925,FLOWING
1785167570,17.4925,0.722989,FLOWING
1785167570,17.4954,0.722987,FLOWING
1785167571,17.4816,0.722946,FLOWING
1785167572,17.455,0.722853,FLOWING
1785167572,17.4999,0.722967,FLOWING
1785167573,17.4731,0.722907,FLOWING
1785167573,17.4654,0.722866,FLOWING
1785167574,17.4648,0.722853,FLOWING
1785167575,17.4546,0.72282,FLOWING
1785167575,17.4855,0.722894,FLOWING
1785167576,17.4627,0.722836,FLOWING
1785167576,17.4734,0.72285,FLOWING
1785167577,17.5107,0.722949,FLOWING
1785167578,17.4505,0.722792,FLOWING
1785167578,17.5271,0.722991,FLOWING
1785167579,17.5037,0.72291,FLOWING
1785167579,17.4901,0.722876,FLOWING
1785167580,17.5012,0.722892,FLOWING
1785167581,17.4822,0.722841,FLOWING
1785167581,17.4706,0.722804,FLOWING
1785167582,17.5043,0.722881,FLOWING
1785167582,17.5027,0.722865,FLOWING
1785167518,17.4545,0.722723,FLOWING
1785167518,17.5058,0.722872,FLOWING
1785167519,17.4239,0.722637,FLOWING
1785167519,17.4438,0.722693,FLOWING
1785167520,17.4547,0.722706,FLOWING
1785167521,17.4926,0.722785,FLOWING
1785167521,17.4568,0.722684,FLOWING
1785167522,17.4617,0.722706,FLOWING
1785167522,17.4229,0.722589,FLOWING
1785167523,17.4981,0.722799,FLOWING
1785167524,17.4594,0.722667,FLOWING
1785167524,17.4086,0.722526,FLOWING
1785167525,17.471,0.722684,FLOWING
1785167525,17.4073,0.722499,FLOWING
1785167526,17.4601,0.722645,FLOWING
1785167527,17.3957,0.722456,FLOWING
1785167527,17.3945,0.722443,FLOWING
1785167528,17.4534,0.722594,FLOWING
1785167529,17.465,0.722639,FLOWING
1785167529,17.4511,0.722576,FLOWING
1785167530,17.3951,0.722425,FLOWING
1785167530,17.4538,0.72258,FLOWING
1785167531,17.4386,0.722524,FLOWING
1785167597,17.4543,0.722556,FLOWING
1785167532,17.4341,0.722501,FLOWING
1785167533,17.4332,0.722489,FLOWING
1785167533,17.4687,0.722579,FLOWING
1785167534,17.4525,0.722546,FLOWING
1785167535,17.3734,0.7223,FLOWING
1785167535,17.3783,0.72232,FLOWING
1785167536,17.4477,0.722498,FLOWING
1785167536,17.4328,0.722454,FLOWING
1785167537,17.442,0.72247,FLOWING
1785167538,17.4391,0.722451,FLOWING
1785167538,17.387,0.722314,FLOWING
1785167539,17.441,0.722438,FLOWING
1785167539,17.3622,0.722215,FLOWING
1785167540,17.3654,0.722235,FLOWING
1785167541,17.4088,0.722345,FLOWING
1785167541,17.3841,0.72227,FLOWING
1785167542,17.4421,0.72241,FLOWING
1785167542,17.398,0.72229,FLOWING
1785167543,17.3718,0.722208,FLOWING
1785167544,17.3877,0.722241,FLOWING
1785167544,17.3466,0.722127,FLOWING
1785167545,17.3927,0.722254,FLOWING
1785167545,17.3829,0.722206,FLOWING
1785167546,17.3757,0.722184,FLOWING
1785167612,17.3536,0.722126,FLOWING
1785167547,17.3287,0.722028,FLOWING
1785167548,17.4177,0.722277,FLOWING
1785167548,17.3774,0.722155,FLOWING
1785167549,17.4136,0.722257,FLOWING
1785167549,17.3257,0.722013,FLOWING
1785167550,17.3786,0.722144,FLOWING
1785167551,17.359,0.722071,FLOWING
1785167551,17.3917,0.722156,FLOWING
1785167552,17.341,0.72201,FLOWING
1785167553,17.399,0.722168,FLOWING
1785167553,17.3763,0.722096,FLOWING
1785167554,17.3151,0.721917,FLOWING
1785167554,17.3688,0.722076,FLOWING
1785167555,17.3462,0.722009,FLOWING
1785167556,17.3521,0.722013,FLOWING
1785167556,17.341,0.721961,FLOWING
1785167622,17.3263,0.721928,FLOWING
1785167557,17.3247,0.721908,FLOWING
1785167558,17.3401,0.721953,FLOWING
1785167558,17.3801,0.722048,FLOWING
1785167559,17.3432,0.721925,FLOWING
1785167560,17.311,0.721846,FLOWING
1785167560,17.3053,0.721826,FLOWING
1785167561,17.3728,0.721984,FLOWING
1785167627,17.3021,0.721792,FLOWING
1785167628,17.3263,0.721859,FLOWING
1785167628,17.3697,0.721962,FLOWING
1785167629,17.2859,0.721739,FLOWING
1785167563,17.3668,0.721943,FLOWING
1785167564,17.3283,0.721848,FLOWING
1785167564,17.3236,0.721817,FLOWING
1785167565,17.3586,0.721899,FLOWING
1785167566,17.3052,0.721763,FLOWING
1785167567,17.2876,0.721688,FLOWING
1785167568,17.3378,0.721833,FLOWING
1785167568,17.3287,0.721803,FLOWING
1785167569,17.3449,0.721828,FLOWING
1785167569,17.2647,0.721606,FLOWING
1785167570,17.3397,0.721808,FLOWING
1785167571,17.2933,0.721676,FLOWING
1785167571,17.3484,0.721818,FLOWING
1785167572,17.2784,0.721599,FLOWING
1785167572,17.291,0.721628,FLOWING
1785167573,17.3467,0.721793,FLOWING
1785167574,17.3249,0.721719,FLOWING
1785167574,17.337,0.721739,FLOWING
1785167575,17.3161,0.721669,FLOWING
1785167575,17.2669,0.721547,FLOWING
1785167576,17.2737,0.721537,FLOWING
1785167642,17.2606,0.721509,FLOWING
1785167643,17.253,0.721474,FLOWING
1785167643,17.2561,0.721486,FLOWING
1785167644,17.3076,0.721613,FLOWING
1785167644,17.3255,0.721663,FLOWING
1785167645,17.3083,0.721611,FLOWING
1785167646,17.3034,0.72157,FLOWING
1785167646,17.301,0.721579,FLOWING
1785167647,17.2581,0.721441,FLOWING
1785167647,17.2399,0.721392,FLOWING
1785167648,17.2388,0.721386,FLOWING
1785167649,17.2623,0.721445,FLOWING
1785167649,17.2895,0.721506,FLOWING
1785167650,17.2239,0.72132,FLOWING
1785167650,17.3055,0.721522,FLOWING
1785167651,17.2675,0.72143,FLOWING
1785167652,17.3077,0.721522,FLOWING
1785167652,17.2127,0.721257,FLOWING
1785167653,17.2917,0.721468,FLOWING
1785167653,17.2263,0.72127,FLOWING
1785167654,17.2176,0.721254,FLOWING
1785167655,17.2076,0.721218,FLOWING
1785167655,17.2791,0.721409,FLOWING
1785167656,17.2042,0.721181,FLOWING
1785167656,17.1959,0.721151,FLOWING
1785167657,17.2867,0.72139,FLOWING
1785167592,17.2279,0.721243,FLOWING
1785167593,17.2242,0.721213,FLOWING
1785167593,17.2718,0.721337,FLOWING
1785167594,17.2436,0.721255,FLOWING
1785167595,17.229,0.721219,FLOWING
1785167595,17.2064,0.721144,FLOWING
1785167596,17.2723,0.721307,FLOWING
1785167596,17.1876,0.721078,FLOWING
1785167662,17.2149,0.721138,FLOWING
1785167663,17.2543,0.721248,FLOWING
1785167664,17.1751,0.721017,FLOWING
1785167664,17.2316,0.721153,FLOWING
1785167665,17.2647,0.721244,FLOWING
1785167665,17.1967,0.721058,FLOWING
1785167666,17.2444,0.721175,FLOWING
1785167667,17.1806,0.72099,FLOWING
1785167667,17.1942,0.721031,FLOWING
1785167668,17.2419,0.721144,FLOWING
1785167668,17.1768,0.720958,FLOWING
1785167669,17.2425,0.721126,FLOWING
1785167670,17.1852,0.720983,FLOWING
1785167670,17.1981,0.720991,FLOWING
1785167671,17.151,0.720863,FLOWING
1785167671,17.1582,0.720866,FLOWING
1785167672,17.1628,0.720877,FLOWING
1785167673,17.2265,0.721045,FLOWING
1785167673,17.2012,0.720987,FLOWING
1785167674,17.1801,0.720918,FLOWING
1785167674,17.2204,0.721014,FLOWING
1785167675,17.1765,0.720874,FLOWING
1785167676,17.19,0.720923,FLOWING
1785167676,17.2319,0.72102,FLOWING
1785167677,17.1822,0.720869,FLOWING
1785167677,17.2156,0.720973,FLOWING
1785167613,17.1488,0.72076,FLOWING
1785167613,17.1899,0.720879,FLOWING
1785167614,17.1838,0.720847,FLOWING
1785167614,17.1641,0.720788,FLOWING
1785167615,17.1243,0.720679,FLOWING
1785167616,17.1634,0.720773,FLOWING
1785167616,17.1228,0.720668,FLOWING
1785167682,17.1724,0.720778,FLOWING
1785167617,17.1821,0.720796,FLOWING
1785167618,17.1657,0.720748,FLOWING
1785167619,17.1239,0.720631,FLOWING
1785167619,17.1454,0.720685,FLOWING
1785167620,17.1166,0.720604,FLOWING
1785167620,17.1461,0.720667,FLOWING
1785167621,17.1647,0.720714,FLOWING
1785167687,17.1333,0.720623,FLOWING
1785167622,17.1096,0.720554,FLOWING
1785167623,17.106,0.720542,FLOWING
1785167623,17.1061,0.720541,FLOWING
1785167624,17.1459,0.720627,FLOWING
1785167625,17.1745,0.720689,FLOWING
1785167625,17.1568,0.720634,FLOWING
1785167626,17.0986,0.720491,FLOWING
1785167626,17.1435,0.720589,FLOWING
1785167692,17.0861,0.720429,FLOWING
1785167627,17.1236,0.720532,FLOWING
1785167628,17.1106,0.720486,FLOWING
1785167629,17.0874,0.720402,FLOWING
1785167629,17.1088,0.720474,FLOWING
1785167630,17.092,0.7204,FLOWING
1785167630,17.1601,0.720601,FLOWING
1785167631,17.1348,0.720525,FLOWING
1785167697,17.0855,0.720358,FLOWING
1785167632,17.1156,0.720457,FLOWING
1785167633,17.1509,0.720534,FLOWING
1785167634,17.1537,0.720537,FLOWING
1785167634,17.0677,0.720294,FLOWING
1785167635,17.0882,0.720348,FLOWING
1785167635,17.1529,0.720516,FLOWING
1785167636,17.1522,0.72051,FLOWING
1785167702,17.0789,0.720308,FLOWING
1785167637,17.1078,0.720379,FLOWING
1785167638,17.1115,0.720383,FLOWING
1785167638,17.1304,0.720425,FLOWING
1785167639,17.1078,0.720352,FLOWING
1785167640,17.073,0.72023,FLOWING
1785167640,17.0475,0.720152,FLOWING
1785167641,17.1216,0.720356,FLOWING
1785167641,17.0598,0.720191,FLOWING
1785167642,17.0547,0.720156,FLOWING
1785167643,17.0936,0.720258,FLOWING
1785167643,17.0399,0.720122,FLOWING
1785167644,17.0364,0.720095,FLOWING
1785167644,17.0414,0.720111,FLOWING
1785167645,17.0389,0.720087,FLOWING
1785167646,17.0856,0.72021,FLOWING
1785167646,17.1199,0.720295,FLOWING
1785167712,17.0558,0.720107,FLOWING
1785167713,17.1097,0.720239,FLOWING
1785167714,17.1129,0.72024,FLOWING
1785167714,17.114,0.72026,FLOWING
1785167715,17.0311,0.720001,FLOWING
1785167715,17.1103,0.720218,FLOWING
1785167716,17.0447,0.720026,FLOWING
1785167717,17.0655,0.720091,FLOWING
1785167717,17.0956,0.72016,FLOWING
1785167718,17.0913,0.720152,FLOWING
1785167718,17.0756,0.720081,FLOWING
1785167719,17.0268,0.719959,FLOWING
1785167720,17.0476,0.719996,FLOWING
1785167720,17.0713,0.720064,FLOWING
1785167721,17.0901,0.720093,FLOWING
1785167721,17.0394,0.719947,FLOWING
1785167722,17.0122,0.719883,FLOWING
1785167723,17.0835,0.720058,FLOWING
1785167723,17.0654,0.720012,FLOWING
1785167724,17.0552,0.719977,FLOWING
1785167724,16.9937,0.719808,FLOWING
1785167725,17.0857,0.72005,FLOWING
1785167726,17.0101,0.719826,FLOWING
1785167726,17.0745,0.719982,FLOWING
1785167727,16.988,0.719738,FLOWING
1785168837,17.0258,0.719849,FLOWING
1785168837,17.0427,0.719874,FLOWING
1785168838,16.9842,0.719724,FLOWING
1785168839,17.0336,0.719837,FLOWING
1785168839,17.0227,0.719825,FLOWING
1785168840,17.0044,0.719753,FLOWING
1785168840,17.0129,0.71977,FLOWING
1785169851,16.9998,0.719729,FLOWING
1785169852,16.9874,0.719677,FLOWING
1785169852,17.0627,0.719874,FLOWING
1785169853,16.9872,0.719658,FLOWING
1785169854,16.996,0.719682,FLOWING
1785169854,16.9592,0.719578,FLOWING
1785169855,16.9914,0.71965,FLOWING
1785169855,16.957,0.71955,FLOWING
1785169856,17.0034,0.719671,FLOWING
1785169857,17.0004,0.719659,FLOWING
1785169857,16.9964,0.719647,FLOWING
1785169858,17.0216,0.719701,FLOWING
1785169858,17.0364,0.719745,FLOWING
1785169859,17.0194,0.719684,FLOWING
1785169860,16.9954,0.719624,FLOWING
1785169860,16.9468,0.719481,FLOWING
1785169861,17.037,0.719708,FLOWING
1785169861,17.0171,0.71965,FLOWING
1785169862,16.9418,0.719439,FLOWING
1785169863,17.0005,0.7196,FLOWING
1785169863,17.0061,0.71959,FLOWING
1785169864,16.9357,0.71939,FLOWING
1785169864,16.9831,0.719533,FLOWING
1785169865,17.0226,0.719628,FLOWING
1785169866,16.9293,0.719368,FLOWING
1785169866,16.9619,0.719437,FLOWING
1785169867,16.9478,0.719391,FLOWING
1785169867,17.0081,0.719543,FLOWING
1785169868,17.002,0.719534,FLOWING
1785169869,16.9177,0.719299,FLOWING
1785169869,16.9598,0.719404,FLOWING
1785169870,16.989,0.719471,FLOWING
1785169870,16.9963,0.71949,FLOWING
1785169871,16.9805,0.719447,FLOWING
1785169806,16.9113,0.719226,FLOWING
1785169807,16.9704,0.719391,FLOWING
1785169808,16.9032,0.719212,FLOWING
1785169808,16.9208,0.719232,FLOWING
1785169809,16.9653,0.719367,FLOWING
1785169809,16.9356,0.719267,FLOWING
1785169810,16.8981,0.719144,FLOWING
1785169811,16.9488,0.719284,FLOWING
1785169877,16.985,0.719373,FLOWING
1785169877,16.9194,0.719205,FLOWING
1785169878,16.9231,0.719201,FLOWING
1785169878,16.9092,0.71915,FLOWING
1785169879,16.9762,0.719319,FLOWING
1785169880,16.9579,0.719283,FLOWING
1785169880,16.9635,0.719289,FLOWING
1785169881,16.905,0.719113,FLOWING
1785169881,16.9054,0.719094,FLOWING
1785169882,16.9621,0.719254,FLOWING
1785169883,16.93,0.719157,FLOWING
1785169883,16.9703,0.719252,FLOWING
1785169884,16.9101,0.719093,FLOWING
1785169884,16.8704,0.718986,FLOWING
1785169885,16.9583,0.719197,FLOWING
1785169886,16.8972,0.719023,FLOWING
1785169886,16.9012,0.719046,FLOWING
1785169887,16.9172,0.71907,FLOWING
1785169887,16.9366,0.71912,FLOWING
1785169888,16.9011,0.719014,FLOWING
1785169889,16.9204,0.719055,FLOWING
1785169889,16.873,0.718933,FLOWING
1785169890,16.9206,0.719044,FLOWING
1785169890,16.9265,0.719071,FLOWING
1785169891,16.868,0.718901,FLOWING
1785169826,16.8749,0.718891,FLOWING
1785169827,16.8691,0.718889,FLOWING
1785169827,16.9269,0.719014,FLOWING
1785169828,16.847,0.718799,FLOWING
1785169829,16.8877,0.718907,FLOWING
1785169829,16.8889,0.718897,FLOWING
1785169830,16.882,0.718879,FLOWING
1785169830,16.8868,0.718872,FLOWING
1785169831,16.8309,0.718729,FLOWING
1785169832,16.8508,0.718762,FLOWING
1785169832,16.8734,0.718823,FLOWING
1785169833,16.9057,0.718903,FLOWING
1785169833,16.8277,0.718694,FLOWING
1785169834,16.8257,0.718682,FLOWING
1785169835,16.8701,0.718775,FLOWING
1785169835,16.8933,0.718847,FLOWING
1785169901,16.8591,0.718745,FLOWING
1785169836,16.8542,0.718705,FLOWING
1785169837,16.8282,0.718639,FLOWING
1785169838,16.905,0.71884,FLOWING
1785169838,16.8269,0.718611,FLOWING
1785169839,16.88,0.718768,FLOWING
1785169839,16.8465,0.718672,FLOWING
1785169840,16.8386,0.718637,FLOWING
1785169841,16.896,0.718783,FLOWING
1785169841,16.8585,0.718664,FLOWING
1785169842,16.8024,0.718509,FLOWING
1785169842,16.7968,0.718483,FLOWING
1785169843,16.8247,0.718563,FLOWING
1785169844,16.8354,0.718579,FLOWING
1785169844,16.8779,0.718686,FLOWING
1785169845,16.8694,0.718667,FLOWING
1785169845,16.8155,0.718496,FLOWING
1785169911,16.8382,0.718545,FLOWING
1785169847,16.7892,0.718415,FLOWING
1785169848,16.7834,0.718401,FLOWING
1785169848,16.7887,0.718397,FLOWING
1785169849,16.8326,0.71851,FLOWING
1785169849,16.844,0.718537,FLOWING
1785169850,16.8367,0.718507,FLOWING
1785169851,16.8655,0.718576,FLOWING
1785169916,16.8464,0.718533,FLOWING
1785169851,16.8368,0.718477,FLOWING
1785169852,16.7783,0.718328,FLOWING
1785169853,16.8298,0.718469,FLOWING
1785169853,16.8238,0.718432,FLOWING
1785169854,16.856,0.718519,FLOWING
1785169854,16.8347,0.718447,FLOWING
1785169855,16.8514,0.718476,FLOWING
1785169856,16.8047,0.71836,FLOWING
1785169922,16.8311,0.718416,FLOWING
1785169922,16.8353,0.718429,FLOWING
1785169858,16.7861,0.718264,FLOWING
1785169858,16.7688,0.718237,FLOWING
1785169859,16.7818,0.71826,FLOWING
1785169860,16.7664,0.718205,FLOWING
1785169860,16.8136,0.718319,FLOWING
1785169861,16.7625,0.718169,FLOWING
1785169926,16.8162,0.718323,FLOWING
1785169862,16.8176,0.718327,FLOWING
1785169862,16.7848,0.718222,FLOWING
1785169863,16.8106,0.718284,FLOWING
1785169863,16.8205,0.718301,FLOWING
1785169864,16.8286,0.718325,FLOWING
1785169865,16.7668,0.718149,FLOWING
1785169865,16.7378,0.718037,FLOWING
1785169931,16.775,0.718149,FLOWING
1785169866,16.7615,0.718101,FLOWING
1785169867,16.8081,0.718233,FLOWING
1785169868,16.7348,0.718019,FLOWING
1785169868,16.7915,0.718155,FLOWING
1785169869,16.7776,0.718115,FLOWING
1785169869,16.7498,0.718032,FLOWING
1785169870,16.7754,0.718104,FLOWING
1785169871,16.7576,0.718042,FLOWING
1785169937,16.7956,0.718147,FLOWING
1785169872,16.7437,0.717995,FLOWING
1785169872,16.7083,0.717889,FLOWING
1785169873,16.7208,0.717897,FLOWING
1785169874,16.7731,0.718052,FLOWING
1785169874,16.7593,0.718,FLOWING
1785169875,16.7675,0.718021,FLOWING
1785169875,16.7418,0.71795,FLOWING
1785169876,16.7615,0.717989,FLOWING
1785169877,16.7706,0.718009,FLOWING
1785169877,16.7072,0.717808,FLOWING
1785169878,16.6888,0.717749,FLOWING
1785169879,16.7581,0.717934,FLOWING
1785169879,16.7127,0.717822,FLOWING
1785169880,16.7612,0.717952,FLOWING
1785169880,16.7614,0.717927,FLOWING
1785169881,16.7006,0.717765,FLOWING
1785169882,16.7439,0.717862,FLOWING
1785169882,16.7429,0.717859,FLOWING
1785169883,16.6777,0.717681,FLOWING
1785169883,16.7573,0.717884,FLOWING
1785169884,16.7519,0.717864,FLOWING
1785169885,16.7098,0.71774,FLOWING
1785169885,16.6815,0.717658,FLOWING
1785169886,16.7565,0.71786,FLOWING
1785169952,16.68,0.717633,FLOWING
1785169887,16.6613,0.717577,FLOWING
1785169887,16.7005,0.717681,FLOWING
1785169888,16.7427,0.717801,FLOWING
1785169889,16.6619,0.717546,FLOWING
1785169889,16.6762,0.717592,FLOWING
1785169890,16.7324,0.717751,FLOWING
1785169890,16.6809,0.717582,FLOWING
1785169957,16.6667,0.717544,FLOWING
1785169891,16.7171,0.717677,FLOWING
1785169892,16.6657,0.717525,FLOWING
1785169893,16.6719,0.71753,FLOWING
1785169893,16.7068,0.717635,FLOWING
1785169894,16.6992,0.717585,FLOWING
1785169894,16.7286,0.717679,FLOWING
1785169895,16.7256,0.717659,FLOWING
1785169896,16.6624,0.717459,FLOWING
1785169897,16.69,0.717539,FLOWING
1785169897,16.7297,0.717639,FLOWING
1785169898,16.6731,0.71748,FLOWING
1785169898,16.6675,0.717458,FLOWING
1785169899,16.6753,0.717468,FLOWING
1785169900,16.6538,0.71741,FLOWING
1785169900,16.6643,0.717413,FLOWING
1785169966,16.654,0.717394,FLOWING
1785169901,16.7085,0.717534,FLOWING
1785169902,16.6726,0.717426,FLOWING
1785169903,16.6799,0.717427,FLOWING
1785169903,16.6155,0.717242,FLOWING
1785169904,16.6625,0.717382,FLOWING
1785169904,16.6196,0.717262,FLOWING
1785169905,16.6928,0.717451,FLOWING
1785169906,16.6576,0.717336,FLOWING
1785169906,16.6659,0.717356,FLOWING
1785169907,16.6868,0.717401,FLOWING
1785169907,16.6222,0.71723,FLOWING
1785169908,16.5985,0.71714,FLOWING
1785169909,16.6124,0.717181,FLOWING
1785169909,16.6376,0.71724,FLOWING
1785169910,16.686,0.717383,FLOWING
1785169910,16.606,0.717129,FLOWING
1785169976,16.5977,0.717116,FLOWING
1785169912,16.6317,0.71719,FLOWING
1785169912,16.6847,0.717346,FLOWING
1785169913,16.6434,0.717211,FLOWING
1785169913,16.6758,0.71731,FLOWING
1785169914,16.6248,0.717153,FLOWING
1785169915,16.674,0.717291,FLOWING
1785169915,16.6081,0.717098,FLOWING
1785169981,16.6181,0.717098,FLOWING
1785169916,16.5743,0.716983,FLOWING
1785169917,16.659,0.717205,FLOWING
1785169918,16.5852,0.717003,FLOWING
1785169918,16.6024,0.717036,FLOWING
1785169919,16.6605,0.7172,FLOWING
1785169919,16.6595,0.717179,FLOWING
1785169920,16.6397,0.717104,FLOWING
1785169921,16.609,0.717036,FLOWING
1785169921,16.634,0.717087,FLOWING
1785169922,16.6508,0.717121,FLOWING
1785169922,16.5637,0.716874,FLOWING
1785169923,16.6337,0.717067,FLOWING
1785169924,16.5968,0.716966,FLOWING
1785169924,16.561,0.716837,FLOWING
1785169925,16.6313,0.717024,FLOWING
1785169925,16.605,0.716949,FLOWING
1785169991,16.5844,0.71689,FLOWING
1785169927,16.5761,0.716849,FLOWING
1785169927,16.6158,0.716972,FLOWING
1785169928,16.5685,0.716816,FLOWING
1785169928,16.5777,0.716853,FLOWING
1785169929,16.6132,0.716938,FLOWING
1785169930,16.559,0.716777,FLOWING
1785169930,16.5457,0.716731,FLOWING
1785169996,16.5403,0.716704,FLOWING
1785169932,16.6153,0.716911,FLOWING
1785169932,16.597,0.716851,FLOWING
1785169933,16.6098,0.716886,FLOWING
1785169933,16.6181,0.716907,FLOWING
1785169934,16.5327,0.716654,FLOWING
1785169935,16.5559,0.71672,FLOWING
1785169935,16.5829,0.71677,FLOWING
1785169936,16.5997,0.716809,FLOWING
1785170002,16.5542,0.716668,FLOWING
1785169937,16.5277,0.716597,FLOWING
1785169938,16.512,0.716537,FLOWING
1785169938,16.518,0.716563,FLOWING
1785169939,16.5462,0.716631,FLOWING
1785169939,16.5077,0.716528,FLOWING
1785169940,16.5135,0.716526,FLOWING
1785169941,16.5029,0.716497,FLOWING
1785170006,16.5312,0.716561,FLOWING
1785170007,16.517,0.716501,FLOWING
1785170008,16.5586,0.71661,FLOWING
1785170008,16.5666,0.716634,FLOWING
1785170009,16.5736,0.716658,FLOWING
1785170009,16.5441,0.716551,FLOWING
1785170010,16.5428,0.716547,FLOWING
1785170011,16.5467,0.716547,FLOWING
1785170011,16.5626,0.716593,FLOWING
1785170012,16.4821,0.716352,FLOWING
1785170012,16.5191,0.716451,FLOWING
1785170013,16.5672,0.716589,FLOWING
1785170014,16.5528,0.716535,FLOWING
1785170014,16.5083,0.716395,FLOWING
1785170015,16.5391,0.716486,FLOWING
1785170015,16.5404,0.716468,FLOWING
1785170016,16.5469,0.71649,FLOWING
1785170017,16.5104,0.716369,FLOWING
1785170017,16.5563,0.716495,FLOWING
1785170018,16.5435,0.716458,FLOWING
1785170018,16.5198,0.71637,FLOWING
1785170019,16.5576,0.716483,FLOWING
1785170020,16.492,0.71628,FLOWING
1785170020,16.4726,0.716214,FLOWING
1785170021,16.5494,0.716439,FLOWING
1785169956,16.5369,0.716399,FLOWING
1785169957,16.4593,0.716164,FLOWING
1785169957,16.468,0.716176,FLOWING
1785169958,16.5354,0.716362,FLOWING
1785169959,16.469,0.716176,FLOWING
1785169959,16.4916,0.716218,FLOWING
1785169960,16.4611,0.716144,FLOWING
1785169960,16.4465,0.716101,FLOWING
1785170026,16.5155,0.716278,FLOWING
1785169961,16.5228,0.716276,FLOWING
1785169962,16.513,0.716261,FLOWING
1785169963,16.488,0.716187,FLOWING
1785169963,16.4577,0.716093,FLOWING
1785169964,16.4945,0.716178,FLOWING
1785169964,16.4296,0.716004,FLOWING
1785169965,16.4537,0.716048,FLOWING
1785169966,16.4971,0.716175,FLOWING
1785169967,16.4288,0.715981,FLOWING
1785169967,16.433,0.715978,FLOWING
1785169968,16.4828,0.716094,FLOWING
1785169968,16.4198,0.715906,FLOWING
1785169969,16.4424,0.715986,FLOWING
1785169970,16.4854,0.716102,FLOWING
1785169970,16.4188,0.715896,FLOWING
1785169971,16.424,0.715902,FLOWING
1785170037,16.4407,0.715952,FLOWING
1785169972,16.4093,0.715858,FLOWING
1785169972,16.4243,0.715872,FLOWING
1785169973,16.4649,0.715999,FLOWING
1785169973,16.4779,0.716024,FLOWING
1785169974,16.4388,0.715903,FLOWING
1785169975,16.4818,0.716023,FLOWING
1785169975,16.4199,0.715819,FLOWING
1785170041,16.4791,0.715991,FLOWING
1785169977,16.4022,0.715762,FLOWING
1785169977,16.4456,0.71589,FLOWING
1785169978,16.4011,0.71576,FLOWING
1785169978,16.4249,0.715808,FLOWING
1785169979,16.4761,0.715948,FLOWING
1785169980,16.4098,0.715745,FLOWING
1785169980,16.4505,0.715852,FLOWING
1785169981,16.4206,0.715775,FLOWING
1785170047,16.4198,0.715745,FLOWING
1785170047,16.407,0.715702,FLOWING
1785169982,16.4276,0.715769,FLOWING
1785169983,16.3815,0.715624,FLOWING
1785169983,16.419,0.715732,FLOWING
1785169984,16.3936,0.715656,FLOWING
1785169984,16.3672,0.715563,FLOWING
1785169985,16.4092,0.715681,FLOWING
1785170052,16.3747,0.715561,FLOWING
1785170052,16.4399,0.715752,FLOWING
1785170053,16.4451,0.715762,FLOWING
1785170053,16.3604,0.715514,FLOWING
1785169990,16.4476,0.715747,FLOWING
1785169990,16.4131,0.715658,FLOWING
1785169991,16.3786,0.715536,FLOWING
1785169991,16.3767,0.715532,FLOWING
1785170056,16.3581,0.715459,FLOWING
1785169992,16.4107,0.715617,FLOWING
1785169992,16.3624,0.715459,FLOWING
1785169993,16.4364,0.715658,FLOWING
1785169993,16.3858,0.715505,FLOWING
1785169994,16.4213,0.715618,FLOWING
1785169995,16.3814,0.715501,FLOWING
1785169995,16.3791,0.715464,FLOWING
1785169996,16.4105,0.715558,FLOWING
1785169996,16.3761,0.715441,FLOWING
1785169997,16.4175,0.715574,FLOWING
1785169998,16.3856,0.715453,FLOWING
1785169998,16.3724,0.715421,FLOWING
1785169999,16.3922,0.715472,FLOWING
1785169999,16.3485,0.715338,FLOWING
1785170000,16.408,0.715495,FLOWING
1785170001,16.3806,0.715419,FLOWING
1785170067,16.4073,0.715473,FLOWING
1785170002,16.3616,0.71536,FLOWING
1785170002,16.3529,0.715308,FLOWING
1785170003,16.379,0.71538,FLOWING
1785170003,16.3791,0.715365,FLOWING
1785170004,16.3267,0.715233,FLOWING
1785170005,16.3509,0.715282,FLOWING
1785170005,16.3237,0.715201,FLOWING
1785170071,16.3863,0.715369,FLOWING
1785170007,16.3775,0.715342,FLOWING
1785170007,16.3772,0.715326,FLOWING
1785170008,16.3455,0.715228,FLOWING
1785170008,16.3422,0.715224,FLOWING
1785170009,16.3092,0.715105,FLOWING
1785170010,16.3,0.715088,FLOWING
1785170010,16.3222,0.715139,FLOWING
1785170011,16.3505,0.715214,FLOWING
1785170012,16.2897,0.715033,FLOWING
1785170012,16.3208,0.715092,FLOWING
1785170013,16.3475,0.715172,FLOWING
1785170013,16.2935,0.715012,FLOWING
1785170014,16.339,0.715122,FLOWING
1785170015,16.3221,0.715071,FLOWING
1785170015,16.2756,0.714932,FLOWING
1785170016,16.3604,0.715164,FLOWING
1785170082,16.3116,0.715037,FLOWING
1785170082,16.361,0.715159,FLOWING
1785170018,16.3099,0.715022,FLOWING
1785170018,16.297,0.714967,FLOWING
1785170019,16.3217,0.715026,FLOWING
1785170020,16.2724,0.714872,FLOWING
1785170020,16.2973,0.714955,FLOWING
1785170021,16.3285,0.715019,FLOWING
1785170086,16.3411,0.715045,FLOWING
1785170087,16.3142,0.714977,FLOWING
1785170088,16.3009,0.714928,FLOWING
1785170088,16.3079,0.714949,FLOWING
1785170024,16.2636,0.714801,FLOWING
1785170025,16.2588,0.714797,FLOWING
1785170026,16.3022,0.71489,FLOWING
1785170026,16.2635,0.714794,FLOWING
1785170027,16.3211,0.714945,FLOWING
1785170026,16.2941,0.714866,FLOWING
1785170027,16.2619,0.714771,FLOWING
1785170028,16.3336,0.714957,FLOWING
1785170028,16.2521,0.714702,FLOWING
1785170029,16.3293,0.714913,FLOWING
1785170029,16.2958,0.714817,FLOWING
1785170030,16.2442,0.71466,FLOWING
1785170031,16.2419,0.714665,FLOWING
1785170031,16.293,0.714807,FLOWING
1785170032,16.238,0.714633,FLOWING
1785170033,16.2334,0.714598,FLOWING
1785170033,16.3091,0.714803,FLOWING
1785170034,16.2221,0.714572,FLOWING
1785170034,16.2424,0.714625,FLOWING
1785170035,16.23,0.714562,FLOWING
1785170036,16.2618,0.714657,FLOWING
1785170101,16.2657,0.714666,FLOWING
1785170037,16.2268,0.71455,FLOWING
1785170037,16.2135,0.714498,FLOWING
1785170038,16.2115,0.71447,FLOWING
1785170038,16.2509,0.714596,FLOWING
1785170039,16.206,0.714466,FLOWING
1785170040,16.249,0.714558,FLOWING
1785170040,16.2174,0.714459,FLOWING
1785170041,16.2691,0.714618,FLOWING
1785170042,16.2764,0.714613,FLOWING
1785170042,16.1918,0.714375,FLOWING
1785170043,16.2811,0.714617,FLOWING
1785170043,16.2232,0.714457,FLOWING
1785170044,16.2619,0.714553,FLOWING
1785170045,16.2806,0.714588,FLOWING
1785170045,16.2711,0.714569,FLOWING
1785170046,16.2537,0.714505,FLOWING
1785170046,16.2371,0.714465,FLOWING
1785170047,16.2703,0.714539,FLOWING
1785170048,16.2236,0.714407,FLOWING
1785170048,16.2083,0.714341,FLOWING
1785170049,16.2624,0.714503,FLOWING
1785170049,16.2129,0.714336,FLOWING
1785170050,16.1824,0.714253,FLOWING
1785170051,16.1689,0.714209,FLOWING
1785170117,16.167,0.714188,FLOWING
1785170117,16.2294,0.714377,FLOWING
1785170118,16.1983,0.714271,FLOWING
1785170054,16.1811,0.714215,FLOWING
1785170054,16.2022,0.71428,FLOWING
1785170055,16.1958,0.714249,FLOWING
1785170055,16.175,0.714176,FLOWING
1785170056,16.233,0.714321,FLOWING
1785170057,16.1831,0.714182,FLOWING
1785170057,16.197,0.71422,FLOWING
1785170057,16.2125,0.714263,FLOWING
1785170058,16.1886,0.71417,FLOWING
1785170058,16.1659,0.714114,FLOWING
1785170059,16.235,0.714282,FLOWING
1785170060,16.1487,0.714049,FLOWING
1785170060,16.1531,0.714056,FLOWING
1785170061,16.1687,0.714082,FLOWING
1785170061,16.1441,0.714013,FLOWING
1785170062,16.1947,0.714143,FLOWING
1785170063,16.1603,0.714047,FLOWING
1785170063,16.1765,0.714072,FLOWING
1785170064,16.1714,0.714039,FLOWING
1785170064,16.1986,0.71411,FLOWING
1785170065,16.1312,0.713928,FLOWING
1785170066,16.1866,0.714073,FLOWING
1785170132,16.2085,0.714116,FLOWING
1785170067,16.2101,0.714138,FLOWING
1785170067,16.1607,0.713983,FLOWING
1785170068,16.1502,0.713952,FLOWING
1785170069,16.1861,0.714031,FLOWING
1785170069,16.2063,0.714092,FLOWING
1785170070,16.1961,0.714049,FLOWING
1785170070,16.1356,0.713864,FLOWING
1785170071,16.1547,0.713904,FLOWING
1785170072,16.1306,0.713838,FLOWING
1785170072,16.1034,0.713763,FLOWING
1785170073,16.1277,0.713829,FLOWING
1785170073,16.1052,0.71376,FLOWING
1785170074,16.1392,0.713833,FLOWING
1785170075,16.1592,0.713877,FLOWING
1785170075,16.1072,0.713729,FLOWING
1785170076,16.1023,0.713703,FLOWING
1785170142,16.1107,0.713733,FLOWING
1785170142,16.1326,0.713776,FLOWING
1785170143,16.1257,0.713755,FLOWING
1785170144,16.1431,0.713793,FLOWING
1785170144,16.1494,0.713802,FLOWING
1785170145,16.1283,0.713748,FLOWING
1785170145,16.117,0.713706,FLOWING
1785170146,16.1711,0.713849,FLOWING
1785170147,16.0975,0.713641,FLOWING
1785170147,16.0919,0.713606,FLOWING
1785170148,16.1394,0.713732,FLOWING
1785170148,16.156,0.71377,FLOWING
1785170149,16.0679,0.713522,FLOWING
1785170150,16.0871,0.713577,FLOWING
1785170150,16.1179,0.713639,FLOWING
1785170151,16.1147,0.713632,FLOWING
1785170151,16.1439,0.713707,FLOWING
1785170152,16.0728,0.713489,FLOWING
1785170153,16.1107,0.713581,FLOWING
1785170153,16.1186,0.713603,FLOWING
1785170154,16.1037,0.71355,FLOWING
1785170154,16.0975,0.713544,FLOWING
1785170155,16.0513,0.713388,FLOWING
1785170156,16.1274,0.713609,FLOWING
1785170156,16.0595,0.713411,FLOWING
1785170091,16.1012,0.713528,FLOWING
1785170092,16.1354,0.713599,FLOWING
1785170093,16.0864,0.713472,FLOWING
1785170093,16.0948,0.713462,FLOWING
1785170094,16.0375,0.713292,FLOWING
1785170094,16.0345,0.713287,FLOWING
1785170095,16.0467,0.713321,FLOWING
1785170096,16.0866,0.713409,FLOWING
1785170162,16.1057,0.713464,FLOWING
1785170097,16.1031,0.713441,FLOWING
1785170097,16.08,0.713381,FLOWING
1785170098,16.0772,0.713377,FLOWING
1785170099,16.0529,0.713277,FLOWING
1785170099,16.1026,0.713422,FLOWING
1785170100,16.1158,0.713451,FLOWING
1785170100,16.0671,0.713321,FLOWING
1785170101,16.1115,0.713424,FLOWING
1785170102,16.0574,0.713268,FLOWING
1785170102,16.0897,0.713365,FLOWING
1785170103,16.0659,0.713263,FLOWING
1785170103,16.0231,0.713154,FLOWING
1785170104,16.0731,0.713269,FLOWING
1785170105,16.0143,0.713101,FLOWING
1785170105,16.0619,0.713237,FLOWING
1785170106,16.0326,0.713151,FLOWING
1785170107,16.0905,0.7133,FLOWING
1785170107,16.0939,0.713301,FLOWING
1785170108,16.0454,0.713152,FLOWING
1785170108,15.9941,0.713002,FLOWING
1785170109,16.0695,0.713213,FLOWING
1785170110,16.0301,0.713086,FLOWING
1785170110,16.074,0.713217,FLOWING
1785170111,16.0576,0.713167,FLOWING
1785170177,16.0673,0.71319,FLOWING
1785170112,16.0396,0.713089,FLOWING
1785170113,16.0242,0.713045,FLOWING
1785170113,16.035,0.713071,FLOWING
1785170114,16.0092,0.712995,FLOWING
1785170114,16.0686,0.713133,FLOWING
1785170115,16.0439,0.71306,FLOWING
1785170116,16.0635,0.713116,FLOWING
1785170116,15.9879,0.7129,FLOWING
1785170117,16.0582,0.713074,FLOWING
1785170117,16.0471,0.713032,FLOWING
1785170118,16.0527,0.713046,FLOWING
1785170118,15.9646,0.712783,FLOWING
1785170119,16.0016,0.712901,FLOWING
1785170120,15.9929,0.712856,FLOWING
1785170120,16.0344,0.712965,FLOWING
1785170121,15.9875,0.712842,FLOWING
1785170122,15.9731,0.71278,FLOWING
1785170122,15.9748,0.712775,FLOWING
1785170123,15.9701,0.712747,FLOWING
1785170123,15.9665,0.712743,FLOWING
1785170124,15.9824,0.712784,FLOWING
1785170125,16.0313,0.712923,FLOWING
1785170125,16.022,0.712882,FLOWING
1785170126,15.9397,0.712646,FLOWING
1785170192,15.9691,0.712717,FLOWING
1785170192,15.9938,0.712788,FLOWING
1785170193,15.9536,0.712666,FLOWING
1785170193,15.972,0.7127,FLOWING
1785170194,16.0276,0.712842,FLOWING
1785170195,15.9515,0.712625,FLOWING
1785170195,15.9856,0.712709,FLOWING
1785170196,15.9693,0.71265,FLOWING
1785170197,15.9248,0.712516,FLOWING
1785170197,16.0048,0.71274,FLOWING
1785170198,15.9758,0.712655,FLOWING
1785170198,15.9959,0.712697,FLOWING
1785170199,15.9162,0.712462,FLOWING
1785170200,15.9547,0.712578,FLOWING
1785170200,15.965,0.712599,FLOWING
1785170201,15.9948,0.712676,FLOWING
1785170201,15.9435,0.712509,FLOWING
1785170202,15.9585,0.712563,FLOWING
1785170203,15.9697,0.712581,FLOWING
1785170203,15.9279,0.712455,FLOWING
1785170204,15.9835,0.712595,FLOWING
1785170204,15.9053,0.712359,FLOWING
1785170205,15.9677,0.712547,FLOWING
1785170206,15.969,0.712555,FLOWING
1785170206,15.913,0.712361,FLOWING
1785170207,15.9119,0.712362,FLOWING
1785170142,15.9194,0.712376,FLOWING
1785170143,15.9478,0.712463,FLOWING
1785170143,15.927,0.712374,FLOWING
1785170144,15.9273,0.712364,FLOWING
1785170144,15.9323,0.712384,FLOWING
1785170145,15.9692,0.712495,FLOWING
1785170146,15.8875,0.712242,FLOWING
1785170212,15.9354,0.712382,FLOWING
1785170212,15.9328,0.71236,FLOWING
1785170148,15.9656,0.712453,FLOWING
1785170148,15.9711,0.712444,FLOWING
1785170149,15.9363,0.71234,FLOWING
1785170150,15.8995,0.71222,FLOWING
1785170150,15.9042,0.712226,FLOWING
1785170151,15.945,0.712346,FLOWING
1785170151,15.8655,0.712118,FLOWING
1785170152,15.9067,0.712225,FLOWING
1785170152,15.9071,0.71221,FLOWING
1785170153,15.9566,0.712346,FLOWING
1785170154,15.9036,0.712184,FLOWING
1785170154,15.9399,0.712288,FLOWING
1785170155,15.948,0.712289,FLOWING
1785170155,15.9434,0.712292,FLOWING
1785170156,15.9102,0.712184,FLOWING
1785170222,15.8613,0.712035,FLOWING
1785170222,15.9175,0.712173,FLOWING
1785170158,15.857,0.712017,FLOWING
1785170159,15.8884,0.71208,FLOWING
1785170159,15.9339,0.712212,FLOWING
1785170160,15.8782,0.712048,FLOWING
1785170160,15.9185,0.712154,FLOWING
1785170161,15.919,0.71216,FLOWING
1785170227,15.8345,0.711905,FLOWING
1785170227,15.8711,0.711997,FLOWING
1785170228,15.8849,0.712041,FLOWING
1785170228,15.8801,0.712003,FLOWING
1785170229,15.8702,0.711981,FLOWING
1785170230,15.8584,0.711922,FLOWING
1785170230,15.8808,0.711983,FLOWING
1785170231,15.8708,0.711937,FLOWING
1785170231,15.8616,0.711909,FLOWING
1785170232,15.8777,0.711944,FLOWING
1785170233,15.837,0.711815,FLOWING
1785170233,15.8446,0.711838,FLOWING
1785170234,15.8559,0.711866,FLOWING
1785170234,15.8895,0.711972,FLOWING
1785170235,15.9051,0.711987,FLOWING
1785170236,15.8256,0.711775,FLOWING
1785170236,15.893,0.711943,FLOWING
1785170237,15.8998,0.711961,FLOWING
1785170237,15.8802,0.711884,FLOWING
1785170238,15.8524,0.71182,FLOWING
1785170239,15.8001,0.711652,FLOWING
1785170239,15.846,0.711785,FLOWING
1785170240,15.8665,0.711817,FLOWING
1785170240,15.8622,0.711798,FLOWING
1785170241,15.8412,0.711724,FLOWING
1785170242,15.8788,0.711837,FLOWING
1785170177,15.8735,0.711815,FLOWING
1785170178,15.8783,0.711828,FLOWING
1785170178,15.8099,0.711613,FLOWING
1785170179,15.8575,0.711746,FLOWING
1785170179,15.7928,0.711559,FLOWING
1785170180,15.7949,0.711543,FLOWING
1785170181,15.7936,0.711528,FLOWING
1785170181,15.8319,0.711649,FLOWING
1785170247,15.8265,0.711615,FLOWING
1785170248,15.8365,0.711636,FLOWING
1785170248,15.8041,0.711532,FLOWING
1785170249,15.8331,0.711605,FLOWING
1785170185,15.8578,0.71167,FLOWING
1785170186,15.8519,0.711647,FLOWING
1785170186,15.806,0.711529,FLOWING
1785170187,15.7959,0.711493,FLOWING
1785170252,15.8467,0.711611,FLOWING
1785170252,15.811,0.711514,FLOWING
1785170253,15.8477,0.711613,FLOWING
1785170254,15.8443,0.71159,FLOWING
1785170254,15.8006,0.711469,FLOWING
1785170255,15.8392,0.711559,FLOWING
1785170255,15.7877,0.711392,FLOWING
1785170256,15.8103,0.711457,FLOWING
1785170257,15.7943,0.711425,FLOWING
1785170257,15.771,0.711329,FLOWING
1785170258,15.7738,0.711342,FLOWING
1785170258,15.8194,0.71145,FLOWING
1785170259,15.7979,0.7114,FLOWING
1785170260,15.732,0.7112,FLOWING
1785170260,15.7468,0.711227,FLOWING
1785170261,15.7489,0.711214,FLOWING
1785170261,15.7769,0.711309,FLOWING
1785170262,15.7952,0.711342,FLOWING
1785170263,15.8167,0.711388,FLOWING
1785170263,15.8165,0.711389,FLOWING
1785170264,15.7651,0.711239,FLOWING
1785170264,15.7489,0.711185,FLOWING
1785170265,15.724,0.711096,FLOWING
1785170266,15.7777,0.711237,FLOWING
1785170266,15.7932,0.711296,FLOWING
1785170267,15.7246,0.711093,FLOWING
1785170202,15.7791,0.711227,FLOWING
1785170203,15.7252,0.711074,FLOWING
1785170203,15.7524,0.711149,FLOWING
1785170204,15.7206,0.711036,FLOWING
1785170204,15.7495,0.711128,FLOWING
1785170205,15.7322,0.711048,FLOWING
1785170206,15.7532,0.711107,FLOWING
1785170272,15.7356,0.71106,FLOWING
1785170272,15.7464,0.71109,FLOWING
1785170273,15.7226,0.710992,FLOWING
1785170208,15.7593,0.711107,FLOWING
1785170209,15.7683,0.711121,FLOWING
1785170209,15.7037,0.71092,FLOWING
1785170210,15.7103,0.710932,FLOWING
1785170211,15.7566,0.711067,FLOWING
1785170211,15.7778,0.711113,FLOWING
1785170277,15.7544,0.711048,FLOWING
1785170213,15.717,0.710927,FLOWING
1785170213,15.6993,0.710863,FLOWING
1785170214,15.7148,0.710901,FLOWING
1785170214,15.7435,0.710969,FLOWING
1785170215,15.6991,0.710851,FLOWING
1785170216,15.699,0.710848,FLOWING
1785170216,15.6677,0.710745,FLOWING
1785170282,15.678,0.710769,FLOWING
1785170217,15.6992,0.710807,FLOWING
1785170218,15.6794,0.710744,FLOWING
1785170219,15.706,0.710827,FLOWING
1785170219,15.7023,0.710815,FLOWING
1785170220,15.7295,0.710872,FLOWING
1785170220,15.7054,0.710798,FLOWING
1785170221,15.6867,0.710737,FLOWING
1785170287,15.6683,0.710682,FLOWING
1785170222,15.697,0.710742,FLOWING
1785170222,15.6876,0.710703,FLOWING
1785170223,15.7175,0.710801,FLOWING
1785170224,15.6955,0.710713,FLOWING
1785170224,15.7125,0.71076,FLOWING
1785170225,15.7115,0.710756,FLOWING
1785170225,15.6899,0.710693,FLOWING
1785170226,15.6813,0.71064,FLOWING
1785170292,15.6404,0.710534,FLOWING
1785170293,15.6789,0.710626,FLOWING
1785170293,15.6494,0.710531,FLOWING
1785170229,15.658,0.710563,FLOWING
1785170230,15.7107,0.7107,FLOWING
1785170231,15.7083,0.710679,FLOWING
1785170231,15.6491,0.710502,FLOWING
1785170232,15.6855,0.710619,FLOWING
1785170297,15.6391,0.710462,FLOWING
1785170232,15.6892,0.710614,FLOWING
1785170233,15.7123,0.710657,FLOWING
1785170233,15.645,0.710472,FLOWING
1785170234,15.6396,0.710425,FLOWING
1785170234,15.6889,0.710566,FLOWING
1785170235,15.6914,0.710573,FLOWING
1785170236,15.6879,0.710562,FLOWING
1785170302,15.6142,0.710324,FLOWING
1785170237,15.6599,0.710461,FLOWING
1785170238,15.6205,0.710323,FLOWING
1785170238,15.6287,0.710361,FLOWING
1785170239,15.6354,0.710357,FLOWING
1785170240,15.6227,0.710314,FLOWING
1785170240,15.6875,0.710497,FLOWING
1785170241,15.621,0.710312,FLOWING
1785170241,15.6104,0.710255,FLOWING
1785170242,15.6572,0.710395,FLOWING
1785170243,15.6013,0.710214,FLOWING
1785170243,15.6597,0.710388,FLOWING
1785170244,15.6498,0.710355,FLOWING
1785170244,15.5953,0.710196,FLOWING
1785170245,15.6093,0.710203,FLOWING
1785170246,15.6674,0.710379,FLOWING
1785170246,15.6669,0.710376,FLOWING
1785170312,15.6327,0.710257,FLOWING
1785170247,15.6626,0.710333,FLOWING
1785170248,15.6431,0.710283,FLOWING
1785170248,15.6429,0.710281,FLOWING
1785170249,15.6466,0.710258,FLOWING
1785170249,15.6326,0.710236,FLOWING
1785170250,15.5937,0.710117,FLOWING
1785170251,15.6193,0.710167,FLOWING
1785170317,15.5937,0.710082,FLOWING
1785170252,15.5876,0.710064,FLOWING
1785170253,15.5918,0.71007,FLOWING
1785170253,15.6486,0.710217,FLOWING
1785170254,15.6474,0.710218,FLOWING
1785170255,15.5813,0.710003,FLOWING
1785170255,15.5888,0.710029,FLOWING
1785170256,15.6032,0.710076,FLOWING
1785170256,15.577,0.709976,FLOWING
1785170257,15.5799,0.70999,FLOWING
1785170257,15.6306,0.710127,FLOWING
1785170258,15.6008,0.710029,FLOWING
1785170259,15.6014,0.710011,FLOWING
1785170259,15.5836,0.709959,FLOWING
1785170260,15.5453,0.709855,FLOWING
1785170260,15.5448,0.709843,FLOWING
1785170261,15.6276,0.710067,FLOWING
1785170262,15.5503,0.709848,FLOWING
1785170262,15.5262,0.709769,FLOWING
1785170263,15.6208,0.710025,FLOWING
1785170264,15.5479,0.709807,FLOWING
1785170264,15.5636,0.709835,FLOWING
1785170265,15.556,0.709826,FLOWING
1785170265,15.6012,0.709933,FLOWING
1785170266,15.594,0.709903,FLOWING
1785170332,15.5452,0.709757,FLOWING
1785170267,15.5502,0.709769,FLOWING
1785170268,15.5959,0.709904,FLOWING
1785170268,15.5148,0.709656,FLOWING
1785170269,15.5153,0.709642,FLOWING
1785170270,15.5239,0.709673,FLOWING
1785170270,15.5295,0.709661,FLOWING
1785170271,15.5968,0.70986,FLOWING
1785170271,15.5564,0.709741,FLOWING
1785170272,15.5607,0.709738,FLOWING
1785170272,15.5028,0.709551,FLOWING
1785170273,15.4938,0.709541,FLOWING
1785170274,15.4911,0.709528,FLOWING
1785170274,15.5792,0.709763,FLOWING
1785170275,15.5802,0.709757,FLOWING
1785170276,15.5703,0.709708,FLOWING
1785170276,15.5477,0.709654,FLOWING
1785170277,15.5067,0.709524,FLOWING
1785170277,15.5334,0.709581,FLOWING
1785170278,15.495,0.709467,FLOWING
1785170279,15.5015,0.709488,FLOWING
1785170279,15.4786,0.709398,FLOWING
1785170280,15.4822,0.709426,FLOWING
1785170280,15.4821,0.709397,FLOWING
1785170281,15.5443,0.709587,FLOWING
1785170347,15.5417,0.709576,FLOWING
1785170282,15.4957,0.709423,FLOWING
1785170283,15.4881,0.709396,FLOWING
1785170283,15.5028,0.709432,FLOWING
1785170284,15.5237,0.709491,FLOWING
1785170284,15.4879,0.709362,FLOWING
1785170285,15.4635,0.709296,FLOWING
1785170286,15.4611,0.709286,FLOWING
1785170352,15.5304,0.709479,FLOWING
1785170287,15.4581,0.709245,FLOWING
1785170288,15.4587,0.709241,FLOWING
1785170288,15.4489,0.709207,FLOWING
1785170289,15.464,0.709254,FLOWING
1785170289,15.454,0.709199,FLOWING
1785170290,15.5061,0.709346,FLOWING
1785170291,15.4843,0.709289,FLOWING
1785170291,15.517,0.709362,FLOWING
1785170357,15.4511,0.709167,FLOWING
1785170292,15.5185,0.70935,FLOWING
1785170293,15.5327,0.709399,FLOWING
1785170294,15.4407,0.709114,FLOWING
1785170294,15.5087,0.709302,FLOWING
1785170295,15.4674,0.70919,FLOWING
1785170295,15.4455,0.709116,FLOWING
1785170296,15.5113,0.709307,FLOWING
1785170297,15.4839,0.709212,FLOWING
1785170297,15.4485,0.709085,FLOWING
1785170298,15.4452,0.709074,FLOWING
1785170298,15.4598,0.709131,FLOWING
1785170299,15.427,0.709007,FLOWING
1785170300,15.4339,0.709037,FLOWING
1785170300,15.481,0.709147,FLOWING
1785170301,15.4241,0.708995,FLOWING
1785170367,15.4222,0.708971,FLOWING
1785170302,15.4486,0.709045,FLOWING
1785170303,15.4149,0.708922,FLOWING
1785170303,15.4943,0.709152,FLOWING
1785170304,15.4825,0.709125,FLOWING
1785170305,15.4133,0.708904,FLOWING
1785170305,15.4333,0.708969,FLOWING
1785170306,15.4428,0.708983,FLOWING
1785170306,15.4688,0.709033,FLOWING
1785170307,15.4579,0.70901,FLOWING
1785170308,15.4733,0.709054,FLOWING
1785170308,15.3985,0.708834,FLOWING
1785170309,15.4034,0.708838,FLOWING
1785170309,15.4201,0.708858,FLOWING
1785170310,15.4601,0.70898,FLOWING
1785170311,15.4191,0.708855,FLOWING
1785170311,15.4498,0.708941,FLOWING
1785170377,15.4441,0.7089,FLOWING
1785170312,15.411,0.708808,FLOWING
1785170313,15.4133,0.708788,FLOWING
1785170313,15.3714,0.708675,FLOWING
1785170314,15.4147,0.708804,FLOWING
1785170315,15.4471,0.70887,FLOWING
1785170315,15.3668,0.708633,FLOWING
1785170316,15.3878,0.70868,FLOWING
1785170382,15.4428,0.708845,FLOWING
1785170317,15.4259,0.708796,FLOWING
1785170318,15.4482,0.708841,FLOWING
1785170318,15.4033,0.708694,FLOWING
1785170319,15.3637,0.708584,FLOWING
1785170319,15.3787,0.708624,FLOWING
1785170320,15.3579,0.708544,FLOWING
1785170321,15.445,0.708795,FLOWING
1785170321,15.444,0.708783,FLOWING
1785170322,15.4376,0.708754,FLOWING
1785170323,15.428,0.708711,FLOWING
1785170323,15.4014,0.708637,FLOWING
1785170324,15.4253,0.708711,FLOWING
1785170324,15.432,0.708725,FLOWING
1785170325,15.4206,0.708682,FLOWING
1785170326,15.3347,0.708412,FLOWING
1785170326,15.3843,0.708544,FLOWING
1785170327,15.3418,0.708436,FLOWING
1785170327,15.3663,0.708475,FLOWING
1785170328,15.4167,0.708611,FLOWING
1785170329,15.3769,0.708507,FLOWING
1785170329,15.3687,0.708479,FLOWING
1785170330,15.4136,0.708605,FLOWING
1785170330,15.4106,0.708583,FLOWING
1785170331,15.3266,0.708332,FLOWING
1785170397,15.3593,0.708417,FLOWING
1785170332,15.3532,0.708374,FLOWING
1785170333,15.3897,0.708487,FLOWING
1785170333,15.3597,0.708379,FLOWING
1785170334,15.3921,0.708485,FLOWING
1785170335,15.3925,0.708486,FLOWING
1785170335,15.3253,0.708266,FLOWING
1785170336,15.3291,0.708279,FLOWING
1785170336,15.3764,0.708411,FLOWING
1785170337,15.3364,0.708276,FLOWING
1785170338,15.3778,0.708379,FLOWING
1785170338,15.3138,0.708194,FLOWING
1785170339,15.2972,0.708136,FLOWING
1785170339,15.3633,0.708313,FLOWING
1785170340,15.3383,0.708246,FLOWING
1785170341,15.3323,0.708209,FLOWING
1785170341,15.3058,0.708139,FLOWING
1785170407,15.2968,0.70809,FLOWING
1785170342,15.3467,0.708228,FLOWING
1785170343,15.3305,0.708185,FLOWING
1785170344,15.3481,0.708227,FLOWING
1785170344,15.3513,0.708243,FLOWING
1785170345,15.3227,0.708149,FLOWING
1785170345,15.3223,0.70814,FLOWING
1785170346,15.3487,0.708198,FLOWING
1785170412,15.3498,0.7082,FLOWING
1785170347,15.3329,0.708133,FLOWING
1785170348,15.2968,0.708031,FLOWING
1785170348,15.3347,0.70814,FLOWING
1785170349,15.3043,0.708026,FLOWING
1785170350,15.3077,0.70803,FLOWING
1785170350,15.3241,0.708076,FLOWING
1785170351,15.285,0.707958,FLOWING
1785170351,15.2572,0.707878,FLOWING
1785170417,15.33,0.70807,FLOWING
1785170353,15.3503,0.708139,FLOWING
1785170353,15.292,0.707958,FLOWING
1785170354,15.3116,0.708008,FLOWING
1785170355,15.3364,0.708056,FLOWING
1785170355,15.2938,0.70794,FLOWING
1785170356,15.2696,0.707839,FLOWING
1785170356,15.3008,0.707928,FLOWING
1785170357,15.2881,0.707888,FLOWING
1785170357,15.2533,0.707773,FLOWING
1785170358,15.2824,0.707847,FLOWING
1785170359,15.3273,0.707969,FLOWING
1785170359,15.2601,0.707765,FLOWING
1785170360,15.237,0.707705,FLOWING
1785170360,15.2844,0.707849,FLOWING
1785170361,15.2915,0.707839,FLOWING
1785170427,15.3013,0.707876,FLOWING
1785170362,15.2363,0.707659,FLOWING
1785170363,15.2878,0.707802,FLOWING
1785170363,15.2981,0.707848,FLOWING
1785170364,15.2594,0.707707,FLOWING
1785170364,15.2293,0.707629,FLOWING
1785170365,15.3102,0.707848,FLOWING
1785170366,15.3064,0.707844,FLOWING
1785170366,15.288,0.707774,FLOWING
1785170367,15.2801,0.707738,FLOWING
1785170368,15.2087,0.707528,FLOWING
1785170368,15.2184,0.70755,FLOWING
1785170369,15.2664,0.707668,FLOWING
1785170370,15.2289,0.707552,FLOWING
1785170370,15.2987,0.707763,FLOWING
1785170371,15.2703,0.707666,FLOWING
1785170371,15.2095,0.707474,FLOWING
1785170372,15.2295,0.707538,FLOWING
1785170372,15.2622,0.707619,FLOWING
1785170373,15.2336,0.707539,FLOWING
1785170374,15.2339,0.707533,FLOWING
1785170374,15.2473,0.707548,FLOWING
1785170375,15.2402,0.707513,FLOWING
1785170375,15.1903,0.707379,FLOWING
1785170376,15.2783,0.707629,FLOWING
1785170442,15.2342,0.707472,FLOWING
1785170377,15.2654,0.707572,FLOWING
1785170378,15.251,0.707523,FLOWING
1785170379,15.2003,0.707348,FLOWING
1785170379,15.2038,0.707367,FLOWING
1785170380,15.181,0.707291,FLOWING
1785170380,15.201,0.707351,FLOWING
1785170381,15.2619,0.707499,FLOWING
1785170382,15.185,0.707276,FLOWING
1785170382,15.2026,0.707315,FLOWING
1785170383,15.2525,0.707471,FLOWING
1785170383,15.2446,0.70742,FLOWING
1785170384,15.1735,0.70722,FLOWING
1785170384,15.1983,0.70728,FLOWING
1785170385,15.1719,0.707208,FLOWING
1785170386,15.1985,0.707277,FLOWING
1785170386,15.2105,0.707301,FLOWING
1785170452,15.2098,0.707293,FLOWING
1785170387,15.1921,0.707224,FLOWING
1785170388,15.1725,0.707172,FLOWING
1785170389,15.1602,0.707127,FLOWING
1785170389,15.1668,0.707123,FLOWING
1785170390,15.1826,0.707169,FLOWING
1785170390,15.2246,0.707271,FLOWING
1785170391,15.2196,0.707267,FLOWING
1785170457,15.2306,0.707282,FLOWING
1785170392,15.2188,0.707232,FLOWING
1785170393,15.203,0.707184,FLOWING
1785170394,15.2001,0.707174,FLOWING
1785170394,15.1303,0.706964,FLOWING
1785170395,15.188,0.707137,FLOWING
1785170395,15.1266,0.706943,FLOWING
1785170396,15.1494,0.707007,FLOWING
1785170397,15.1246,0.706901,FLOWING
1785170397,15.1904,0.707108,FLOWING
1785170398,15.2081,0.707157,FLOWING
1785170398,15.1418,0.70695,FLOWING
1785170399,15.1222,0.706868,FLOWING
1785170400,15.2032,0.707101,FLOWING
1785170400,15.1259,0.706886,FLOWING
1785170401,15.1134,0.706832,FLOWING
1785170401,15.1751,0.706993,FLOWING
1785170402,15.1714,0.706985,FLOWING
1785170403,15.1753,0.70699,FLOWING
1785170403,15.1508,0.706919,FLOWING
1785170404,15.1695,0.706941,FLOWING
1785170404,15.1497,0.706894,FLOWING
1785170405,15.1364,0.70684,FLOWING
1785170406,15.1417,0.706859,FLOWING
1785170406,15.118,0.706766,FLOWING
1785170407,15.0907,0.706696,FLOWING
1785170407,15.0876,0.706661,FLOWING
1785170408,15.0966,0.706678,FLOWING
1785170409,15.1704,0.706898,FLOWING
1785170409,15.1227,0.706759,FLOWING
1785170410,15.1328,0.706778,FLOWING
1785170410,15.1255,0.706744,FLOWING
1785170411,15.1724,0.706885,FLOWING
1785170412,15.0846,0.706607,FLOWING
1785170412,15.112,0.706688,FLOWING
1785170413,15.1088,0.706654,FLOWING
1785170414,15.0885,0.706595,FLOWING
1785170414,15.0735,0.706537,FLOWING
1785170415,15.093,0.706604,FLOWING
1785170415,15.0767,0.706541,FLOWING
1785170416,15.0852,0.706545,FLOWING
1785170417,15.0696,0.7065,FLOWING
1785170417,15.1406,0.706714,FLOWING
1785170418,15.0961,0.706572,FLOWING
1785170418,15.1149,0.706606,FLOWING
1785170419,15.1161,0.706607,FLOWING
1785170419,15.1122,0.7066,FLOWING
1785170420,15.1326,0.706633,FLOWING
1785170421,15.1032,0.706541,FLOWING
1785170421,15.0938,0.706526,FLOWING
1785170487,15.1298,0.706605,FLOWING
1785170422,15.1227,0.706588,FLOWING
1785170423,15.0663,0.706404,FLOWING
1785170423,15.137,0.706608,FLOWING
1785170424,15.126,0.706571,FLOWING
1785170425,15.0825,0.706449,FLOWING
1785170425,15.1179,0.706533,FLOWING
1785170426,15.1064,0.70648,FLOWING
1785170426,15.0735,0.706387,FLOWING
1785170427,15.0854,0.706427,FLOWING
1785170428,15.0661,0.706343,FLOWING
1785170428,15.0652,0.706355,FLOWING
1785170429,15.1117,0.70648,FLOWING
1785170430,15.0201,0.706186,FLOWING
1785170430,15.0415,0.706259,FLOWING
1785170431,15.095,0.706411,FLOWING
1785170431,15.0519,0.706269,FLOWING
1785170432,15.1085,0.706425,FLOWING
1785170433,15.1058,0.7064,FLOWING
1785170433,15.0638,0.70628,FLOWING
1785170434,15.0404,0.706197,FLOWING
1785170434,15.0412,0.706194,FLOWING
1785170435,15.0475,0.706193,FLOWING
1785170436,15.0255,0.706138,FLOWING
1785170436,15.089,0.706322,FLOWING
1785170502,15.0646,0.706239,FLOWING
1785170437,15.0049,0.706062,FLOWING
1785170438,15.086,0.706286,FLOWING
1785170439,15.0823,0.706259,FLOWING
1785170439,15.0117,0.706053,FLOWING
1785170440,15.0605,0.706168,FLOWING
1785170441,15.0486,0.706134,FLOWING
1785170441,15.001,0.706005,FLOWING
1785170442,15.0654,0.706161,FLOWING
1785170442,15.0111,0.706001,FLOWING
1785170443,14.995,0.705944,FLOWING
1785170443,14.9849,0.705902,FLOWING
1785170444,15.017,0.706014,FLOWING
1785170445,15.0403,0.706055,FLOWING
1785170445,14.9853,0.705884,FLOWING
1785170446,15.0106,0.705973,FLOWING
1785170446,14.9991,0.705906,FLOWING
1785170447,15.0012,0.705923,FLOWING
1785170448,15.0557,0.706062,FLOWING
1785170448,15.0614,0.70609,FLOWING
1785170449,14.9691,0.705787,FLOWING
1785170450,15.0436,0.706006,FLOWING
1785170450,14.9872,0.705839,FLOWING
1785170451,15.0118,0.705894,FLOWING
1785170451,14.9732,0.70577,FLOWING
1785170452,15.0428,0.705965,FLOWING
1785170453,15.0018,0.705862,FLOWING
1785170453,15.0324,0.705923,FLOWING
1785170454,15.0418,0.705942,FLOWING
1785170454,15.03,0.70592,FLOWING
1785170455,15.0278,0.7059,FLOWING
1785170456,15.0248,0.705869,FLOWING
1785170456,15.0373,0.70591,FLOWING
1785170457,15.0352,0.705884,FLOWING
1785170457,14.9462,0.705636,FLOWING
1785170458,15.0308,0.70587,FLOWING
1785170458,14.9871,0.705726,FLOWING
1785170459,15.0246,0.705829,FLOWING
1785170460,15.0163,0.705797,FLOWING
1785170460,14.9441,0.705598,FLOWING
1785170461,15.0148,0.705773,FLOWING
1785170461,14.9664,0.705625,FLOWING
1785170527,14.9627,0.705606,FLOWING
1785170463,14.9688,0.705612,FLOWING
1785170463,14.9777,0.705635,FLOWING
1785170464,14.9441,0.705538,FLOWING
1785170464,14.948,0.705535,FLOWING
1785170465,14.9297,0.705484,FLOWING
1785170466,14.9764,0.705601,FLOWING
1785170466,14.9436,0.70552,FLOWING
1785170467,14.9139,0.70542,FLOWING
1785170468,14.9743,0.705574,FLOWING
1785170468,14.9778,0.705586,FLOWING
1785170469,14.9615,0.705526,FLOWING
1785170469,14.9379,0.70546,FLOWING
1785170470,14.9529,0.705477,FLOWING
1785170471,14.9491,0.705473,FLOWING
1785170471,14.8962,0.705318,FLOWING
1785170472,14.9701,0.705518,FLOWING
1785170472,14.9017,0.705297,FLOWING
1785170473,14.915,0.705329,FLOWING
1785170474,14.9452,0.70542,FLOWING
1785170474,14.9466,0.705428,FLOWING
1785170475,14.9031,0.705279,FLOWING
1785170475,14.8904,0.705234,FLOWING
1785170476,14.9615,0.70544,FLOWING
1785170477,14.9494,0.705394,FLOWING
1785170542,14.9633,0.705416,FLOWING
1785170478,14.8819,0.705188,FLOWING
1785170478,14.924,0.705288,FLOWING
1785170479,14.941,0.705334,FLOWING
1785170479,14.9287,0.705282,FLOWING
1785170480,14.9413,0.705315,FLOWING
1785170481,14.8693,0.705091,FLOWING
1785170481,14.8706,0.705115,FLOWING
1785170547,14.8753,0.705102,FLOWING
1785170483,14.8714,0.705079,FLOWING
1785170483,14.9427,0.70529,FLOWING
1785170484,14.892,0.705126,FLOWING
1785170484,14.8681,0.705058,FLOWING
1785170485,14.9481,0.705283,FLOWING
1785170486,14.8894,0.705092,FLOWING
1785170486,14.8787,0.705054,FLOWING
1785170487,14.9178,0.705169,FLOWING
1785170487,14.871,0.705017,FLOWING
1785170488,14.8807,0.705039,FLOWING
1785170489,14.8955,0.705092,FLOWING
1785170489,14.9064,0.705097,FLOWING
1785170490,14.8949,0.705056,FLOWING
1785170490,14.9092,0.705113,FLOWING
1785170491,14.8552,0.704925,FLOWING
1785170492,14.8528,0.704919,FLOWING
1785170492,14.8712,0.704957,FLOWING
1785170493,14.9092,0.705061,FLOWING
1785170493,14.8328,0.704848,FLOWING
1785170494,14.8556,0.704894,FLOWING
1785170495,14.8513,0.704868,FLOWING
1785170495,14.8348,0.704817,FLOWING
1785170496,14.9182,0.705046,FLOWING
1785170496,14.8535,0.704851,FLOWING
1785170562,14.8177,0.704746,FLOWING
1785170498,14.868,0.704898,FLOWING
1785170498,14.8785,0.704906,FLOWING
1785170499,14.8389,0.70479,FLOWING
1785170499,14.8857,0.704923,FLOWING
1785170500,14.8185,0.704706,FLOWING
1785170501,14.8644,0.704835,FLOWING
1785170501,14.8397,0.704764,FLOWING
1785170567,14.8598,0.704799,FLOWING
1785170502,14.8402,0.704748,FLOWING
1785170503,14.8439,0.704753,FLOWING
1785170504,14.8238,0.704667,FLOWING
1785170504,14.879,0.704824,FLOWING
1785170505,14.8766,0.704834,FLOWING
1785170505,14.833,0.704697,FLOWING
1785170506,14.8818,0.704821,FLOWING
1785170507,14.7921,0.704553,FLOWING
1785170573,14.8685,0.704782,FLOWING
1785170508,14.829,0.704642,FLOWING
1785170509,14.784,0.704494,FLOWING
1785170509,14.8078,0.704569,FLOWING
1785170510,14.8245,0.704601,FLOWING
1785170510,14.8322,0.704636,FLOWING
1785170511,14.8538,0.704683,FLOWING
1785170512,14.8105,0.704533,FLOWING
1785170577,14.7913,0.704488,FLOWING
1785170513,14.7804,0.704448,FLOWING
1785170513,14.7882,0.704447,FLOWING
1785170514,14.795,0.704468,FLOWING
1785170514,14.7785,0.704399,FLOWING
1785170515,14.7961,0.704441,FLOWING
1785170516,14.7668,0.70437,FLOWING
1785170516,14.8321,0.70455,FLOWING
1785170582,14.7688,0.704353,FLOWING
1785170517,14.8295,0.704524,FLOWING
1785170518,14.7631,0.704333,FLOWING
1785170518,14.8352,0.704534,FLOWING
1785170519,14.794,0.7044,FLOWING
1785170520,14.7904,0.704389,FLOWING
1785170520,14.835,0.704509,FLOWING
1785170521,14.8134,0.704437,FLOWING
1785170521,14.7421,0.704215,FLOWING
1785170522,14.7681,0.704268,FLOWING
1785170523,14.7846,0.704325,FLOWING
1785170523,14.7407,0.704171,FLOWING
1785170524,14.7939,0.704325,FLOWING
1785170525,14.737,0.704173,FLOWING
1785170525,14.7586,0.704207,FLOWING
1785170526,14.758,0.704214,FLOWING
1785170526,14.8005,0.704327,FLOWING
1785170592,14.7924,0.704305,FLOWING
1785170528,14.7279,0.704098,FLOWING
1785170528,14.7478,0.704148,FLOWING
1785170529,14.7949,0.704276,FLOWING
1785170529,14.7588,0.704153,FLOWING
1785170530,14.8039,0.70428,FLOWING
1785170531,14.7885,0.704233,FLOWING
1785170531,14.7327,0.704072,FLOWING
1785170597,14.772,0.704185,FLOWING
1785170533,14.7699,0.704149,FLOWING
1785170533,14.7806,0.704191,FLOWING
1785170534,14.7708,0.704141,FLOWING
1785170534,14.7964,0.704218,FLOWING
1785170535,14.707,0.703927,FLOWING
1785170536,14.7103,0.703931,FLOWING
1785170536,14.7353,0.703999,FLOWING
1785170537,14.7571,0.704074,FLOWING
1785170537,14.7058,0.703905,FLOWING
1785170538,14.7332,0.703992,FLOWING
1785170539,14.7698,0.704068,FLOWING
1785170539,14.7425,0.703981,FLOWING
1785170540,14.7116,0.703897,FLOWING
1785170540,14.6974,0.703845,FLOWING
1785170541,14.6862,0.703798,FLOWING
1785170542,14.7526,0.703998,FLOWING
1785170542,14.7139,0.703868,FLOWING
1785170543,14.6905,0.703777,FLOWING
1785170543,14.7145,0.703868,FLOWING
1785170544,14.7306,0.70391,FLOWING
1785170545,14.6754,0.703736,FLOWING
1785170545,14.6726,0.703708,FLOWING
1785170546,14.7433,0.70392,FLOWING
1785170546,14.758,0.703954,FLOWING
1785170612,14.7483,0.703902,FLOWING
1785170547,14.6902,0.703741,FLOWING
1785170548,14.7293,0.70385,FLOWING
1785170549,14.6897,0.703702,FLOWING
1785170549,14.7303,0.703834,FLOWING
1785170550,14.7239,0.703802,FLOWING
1785170550,14.6561,0.703582,FLOWING
1785170551,14.7049,0.703731,FLOWING
1785170552,14.6834,0.703647,FLOWING
1785170552,14.7283,0.703785,FLOWING
1785170553,14.7119,0.703737,FLOWING
1785170553,14.7043,0.703695,FLOWING
1785170554,14.6811,0.703627,FLOWING
1785170555,14.6591,0.703542,FLOWING
1785170555,14.678,0.7036,FLOWING
1785170556,14.7123,0.703683,FLOWING
1785170556,14.6383,0.703454,FLOWING
1785170557,14.6861,0.703594,FLOWING
1785170558,14.7309,0.703732,FLOWING
1785170558,14.6925,0.703608,FLOWING
1785170559,14.6574,0.703498,FLOWING
1785170560,14.7203,0.703675,FLOWING
1785170560,14.6739,0.703534,FLOWING
1785170561,14.6661,0.703502,FLOWING
1785170561,14.6531,0.703434,FLOWING
1785170627,14.6253,0.703357,FLOWING
1785170563,14.6298,0.703349,FLOWING
1785170563,14.6987,0.703567,FLOWING
1785170564,14.6404,0.703389,FLOWING
1785170564,14.6635,0.703428,FLOWING
1785170565,14.6505,0.703384,FLOWING
1785170566,14.6386,0.703349,FLOWING
1785170566,14.6204,0.703271,FLOWING
1785170567,14.6639,0.703405,FLOWING
1785170633,14.6697,0.703416,FLOWING
1785170568,14.6901,0.703477,FLOWING
1785170568,14.6187,0.70324,FLOWING
1785170569,14.6351,0.703297,FLOWING
1785170570,14.6102,0.703222,FLOWING
1785170570,14.6161,0.703233,FLOWING
1785170571,14.6245,0.703239,FLOWING
1785170571,14.6323,0.703241,FLOWING
1785170572,14.6099,0.703193,FLOWING
1785170573,14.6401,0.703248,FLOWING
1785170573,14.6267,0.703201,FLOWING
1785170574,14.6751,0.703346,FLOWING
1785170575,14.6005,0.703129,FLOWING
1785170575,14.6582,0.703269,FLOWING
1785170576,14.6368,0.703207,FLOWING
1785170576,14.5842,0.703047,FLOWING
1785170642,14.5927,0.703072,FLOWING
1785170578,14.6603,0.703264,FLOWING
1785170578,14.6138,0.703104,FLOWING
1785170579,14.6197,0.703113,FLOWING
1785170579,14.6162,0.703113,FLOWING
1785170580,14.663,0.703247,FLOWING
1785170581,14.6129,0.703094,FLOWING
1785170581,14.637,0.703134,FLOWING
1785170582,14.607,0.703056,FLOWING
1785170582,14.5948,0.703009,FLOWING
1785170583,14.6156,0.703061,FLOWING
1785170584,14.5885,0.702982,FLOWING
1785170584,14.5914,0.702963,FLOWING
1785170585,14.6034,0.703001,FLOWING
1785170585,14.5556,0.702841,FLOWING
1785170586,14.6071,0.702999,FLOWING
1785170587,14.5595,0.702834,FLOWING
1785170587,14.613,0.703003,FLOWING
1785170588,14.5896,0.702918,FLOWING
1785170588,14.5482,0.702798,FLOWING
1785170589,14.5479,0.702786,FLOWING
1785170590,14.5775,0.702871,FLOWING
1785170590,14.5505,0.70276,FLOWING
1785170591,14.5672,0.702804,FLOWING
1785170591,14.5674,0.702792,FLOWING
1785170657,14.591,0.70287,FLOWING
1785170592,14.5948,0.702865,FLOWING
1785170593,14.5693,0.702784,FLOWING
1785170594,14.6006,0.702877,FLOWING
1785170594,14.5859,0.702821,FLOWING
1785170595,14.5733,0.702776,FLOWING
1785170595,14.6145,0.702887,FLOWING
1785170596,14.5793,0.702777,FLOWING
1785170597,14.5541,0.702706,FLOWING
1785170597,14.6108,0.702847,FLOWING
1785170598,14.5866,0.702767,FLOWING
1785170599,14.5407,0.70263,FLOWING
1785170599,14.5966,0.702795,FLOWING
1785170600,14.5876,0.702745,FLOWING
1785170600,14.5881,0.702746,FLOWING
1785170601,14.5501,0.702642,FLOWING
1785170602,14.576,0.70271,FLOWING
1785170602,14.5185,0.70251,FLOWING
1785170603,14.509,0.702488,FLOWING
1785170603,14.5883,0.702723,FLOWING
1785170604,14.5802,0.702676,FLOWING
1785170605,14.5379,0.702565,FLOWING
1785170605,14.4941,0.702422,FLOWING
1785170606,14.5227,0.702498,FLOWING
1785170606,14.578,0.702633,FLOWING
1785170672,14.5319,0.702505,FLOWING
1785170608,14.5726,0.702615,FLOWING
1785170608,14.5514,0.702548,FLOWING
1785170609,14.5175,0.702434,FLOWING
1785170609,14.5001,0.702392,FLOWING
1785170610,14.5493,0.702512,FLOWING
1785170611,14.4836,0.702308,FLOWING
1785170611,14.5513,0.702518,FLOWING
1785170612,14.5151,0.702395,FLOWING
1785170612,14.5453,0.702471,FLOWING
1785170613,14.4744,0.702241,FLOWING
1785170614,14.5008,0.702311,FLOWING
1785170614,14.5324,0.702411,FLOWING
1785170615,14.4971,0.702285,FLOWING
1785170615,14.4714,0.702229,FLOWING
1785170616,14.4615,0.702166,FLOWING
1785170617,14.5517,0.70243,FLOWING
1785170617,14.5372,0.7024,FLOWING
1785170618,14.509,0.702289,FLOWING
1785170618,14.4686,0.702181,FLOWING
1785170619,14.4485,0.702085,FLOWING
1785170620,14.5231,0.702308,FLOWING
1785170620,14.4602,0.702116,FLOWING
1785170621,14.5275,0.702302,FLOWING
1785170621,14.5254,0.702311,FLOWING
1785170687,14.5011,0.70222,FLOWING
1785170623,14.4865,0.702154,FLOWING
1785170623,14.4904,0.702169,FLOWING
1785170624,14.4638,0.702093,FLOWING
1785170624,14.4901,0.702157,FLOWING
1785170625,14.4604,0.702064,FLOWING
1785170626,14.4334,0.70196,FLOWING
1785170626,14.4467,0.702008,FLOWING
1785170627,14.4309,0.701952,FLOWING
1785170628,14.467,0.702056,FLOWING
1785170628,14.4743,0.70205,FLOWING
1785170629,14.4305,0.701916,FLOWING
1785170629,14.4569,0.702001,FLOWING
1785170630,14.4966,0.702096,FLOWING
1785170631,14.4748,0.702031,FLOWING
1785170631,14.4384,0.701905,FLOWING
1785170632,14.453,0.70194,FLOWING
1785170632,14.456,0.70194,FLOWING
1785170633,14.4757,0.70199,FLOWING
1785170634,14.4544,0.701926,FLOWING
1785170634,14.4114,0.701807,FLOWING
1785170635,14.4258,0.701831,FLOWING
1785170635,14.4373,0.701844,FLOWING
1785170636,14.4382,0.70186,FLOWING
1785170637,14.4901,0.701986,FLOWING
1785170703,14.4319,0.701822,FLOWING
1785170638,14.4582,0.701887,FLOWING
1785170638,14.4339,0.701811,FLOWING
1785170639,14.3946,0.701683,FLOWING
1785170639,14.4497,0.701849,FLOWING
1785170640,14.4551,0.701842,FLOWING
1785170641,14.4129,0.701713,FLOWING
1785170641,14.4757,0.701882,FLOWING
1785170642,14.4223,0.701743,FLOWING
1785170708,14.3794,0.701588,FLOWING
1785170643,14.4098,0.701686,FLOWING
1785170643,14.3815,0.701574,FLOWING
1785170644,14.4105,0.701669,FLOWING
1785170645,14.4212,0.701703,FLOWING
1785170645,14.4233,0.701683,FLOWING
1785170646,14.4394,0.701713,FLOWING
1785170646,14.4606,0.701795,FLOWING
1785170647,14.429,0.701688,FLOWING
1785170648,14.3846,0.701551,FLOWING
1785170649,14.4372,0.701689,FLOWING
1785170649,14.4516,0.701722,FLOWING
1785170650,14.3798,0.701504,FLOWING
1785170650,14.4423,0.701684,FLOWING
1785170651,14.4316,0.701638,FLOWING
1785170652,14.4372,0.701666,FLOWING
1785170652,14.3998,0.701545,FLOWING
1785170653,14.3632,0.701411,FLOWING
1785170653,14.3522,0.701372,FLOWING
1785170654,14.3554,0.701362,FLOWING
1785170655,14.434,0.701591,FLOWING
1785170655,14.3847,0.701447,FLOWING
1785170656,14.4204,0.701539,FLOWING
1785170656,14.3808,0.701435,FLOWING
1785170657,14.4217,0.701528,FLOWING
1785170658,14.3583,0.701332,FLOWING
1785170658,14.409,0.701489,FLOWING
1785170659,14.3603,0.701318,FLOWING
1785170659,14.3724,0.701367,FLOWING
1785170660,14.3738,0.701363,FLOWING
1785170661,14.4004,0.701432,FLOWING
1785170661,14.381,0.701361,FLOWING
1785170662,14.3679,0.701315,FLOWING
1785170728,14.3527,0.701263,FLOWING
1785170663,14.3279,0.701175,FLOWING
1785170663,14.4007,0.701379,FLOWING
1785170664,14.3485,0.701229,FLOWING
1785170665,14.3756,0.701287,FLOWING
1785170665,14.312,0.701106,FLOWING
1785170666,14.3487,0.70119,FLOWING
1785170666,14.3756,0.701286,FLOWING
1785170733,14.339,0.701145,FLOWING
1785170668,14.3478,0.701186,FLOWING
1785170668,14.3826,0.701267,FLOWING
1785170669,14.3137,0.701048,FLOWING
1785170670,14.3592,0.701195,FLOWING
1785170670,14.3773,0.701243,FLOWING
1785170671,14.3489,0.70113,FLOWING
1785170671,14.3259,0.701063,FLOWING
1785170672,14.2955,0.700964,FLOWING
1785170673,14.3134,0.701021,FLOWING
1785170673,14.314,0.700997,FLOWING
1785170674,14.317,0.701017,FLOWING
1785170674,14.3054,0.700951,FLOWING
1785170675,14.3139,0.700998,FLOWING
1785170676,14.3668,0.70113,FLOWING
1785170676,14.3203,0.700984,FLOWING
1785170677,14.3283,0.700996,FLOWING
1785170677,14.3424,0.701025,FLOWING
1785170678,14.3233,0.700964,FLOWING
1785170679,14.2974,0.700893,FLOWING
1785170679,14.3482,0.701039,FLOWING
1785170680,14.356,0.701053,FLOWING
1785170680,14.2843,0.700837,FLOWING
1785170681,14.2898,0.700833,FLOWING
1785170682,14.2982,0.700852,FLOWING
1785170748,14.2628,0.700743,FLOWING
1785170683,14.3051,0.700867,FLOWING
1785170683,14.2824,0.700777,FLOWING
1785170684,14.257,0.700704,FLOWING
1785170685,14.312,0.700857,FLOWING
1785170685,14.2479,0.700651,FLOWING
1785170686,14.3078,0.700827,FLOWING
1785170686,14.3398,0.700909,FLOWING
1785170687,14.3045,0.700793,FLOWING
1785170688,14.2443,0.700599,FLOWING
1785170688,14.2977,0.700772,FLOWING
1785170689,14.3172,0.700806,FLOWING
1785170689,14.2389,0.70057,FLOWING
1785170690,14.3106,0.700788,FLOWING
1785170691,14.3105,0.700775,FLOWING
1785170691,14.2432,0.700554,FLOWING
1785170692,14.2636,0.700619,FLOWING
1785170692,14.2577,0.700598,FLOWING
1785170693,14.2702,0.700605,FLOWING
1785170694,14.3112,0.700726,FLOWING
1785170694,14.2872,0.700658,FLOWING
1785170695,14.293,0.700662,FLOWING
1785170695,14.2475,0.700511,FLOWING
1785170696,14.282,0.700625,FLOWING
1785170697,14.2822,0.700624,FLOWING
1785170763,14.3057,0.700674,FLOWING
1785170698,14.2843,0.700594,FLOWING
1785170698,14.2706,0.70054,FLOWING
1785170699,14.2275,0.700414,FLOWING
1785170700,14.2373,0.700432,FLOWING
1785170700,14.2458,0.700465,FLOWING
1785170701,14.2586,0.700495,FLOWING
1785170701,14.2705,0.700501,FLOWING
1785170702,14.2444,0.700435,FLOWING
1785170703,14.2462,0.700438,FLOWING
1785170703,14.2135,0.700311,FLOWING
1785170704,14.2697,0.700492,FLOWING
1785170705,14.2654,0.700468,FLOWING
1785170705,14.2207,0.700332,FLOWING
1785170706,14.2096,0.700292,FLOWING
1785170706,14.2213,0.700299,FLOWING
1785170707,14.1956,0.700218,FLOWING
1785170773,14.2167,0.700275,FLOWING
1785170708,14.2411,0.700327,FLOWING
1785170709,14.2545,0.700362,FLOWING
1785170709,14.1744,0.700119,FLOWING
1785170710,14.251,0.70035,FLOWING
1785170710,14.2194,0.70023,FLOWING
1785170711,14.1922,0.700168,FLOWING
1785170712,14.2491,0.700327,FLOWING
1785170778,14.17,0.700062,FLOWING
1785170713,14.2565,0.700318,FLOWING
1785170713,14.1754,0.700075,FLOWING
1785170714,14.1646,0.70004,FLOWING
1785170715,14.193,0.700114,FLOWING
1785170715,14.2527,0.700277,FLOWING
1785170716,14.1712,0.70003,FLOWING
1785170716,14.2402,0.700228,FLOWING
1785170717,14.219,0.700151,FLOWING
1785170718,14.1867,0.700066,FLOWING
1785170718,14.2381,0.700202,FLOWING
1785170719,14.1454,0.699909,BLOCKED
1785170720,14.1835,0.700007,FLOWING
1785170720,14.1943,0.700039,FLOWING
1785170721,14.1793,0.699994,BLOCKED
1785170721,14.1544,0.69991,BLOCKED
1785170722,14.1601,0.699921,BLOCKED
1785170723,14.1602,0.699902,BLOCKED
1785170723,14.2209,0.700084,FLOWING
1785170724,14.1805,0.699944,BLOCKED
1785170724,14.1694,0.699928,BLOCKED
1785170725,14.1823,0.699962,BLOCKED
1785170726,14.1883,0.699965,BLOCKED
1785170726,14.1423,0.699798,BLOCKED
1785170727,14.1945,0.699976,BLOCKED
1785170793,14.2,0.69997,BLOCKED
1785170728,14.1946,0.699955,BLOCKED
1785170729,14.1401,0.699782,BLOCKED
1785170729,14.1342,0.699742,BLOCKED
1785170730,14.1629,0.699834,BLOCKED
1785170730,14.1857,0.699878,BLOCKED
1785170731,14.123,0.699705,BLOCKED
1785170732,14.1492,0.699773,BLOCKED
1785170798,14.1967,0.699893,BLOCKED
1785170733,14.1707,0.699804,BLOCKED
1785170733,14.1607,0.699785,BLOCKED
1785170734,14.1354,0.699675,BLOCKED
1785170735,14.1438,0.699715,BLOCKED
1785170735,14.1664,0.699769,BLOCKED
1785170736,14.1276,0.699652,BLOCKED
1785170736,14.1574,0.699726,BLOCKED
1785170737,14.1178,0.69959,BLOCKED
1785170803,14.1541,0.699692,BLOCKED
1785170738,14.132,0.699634,BLOCKED
1785170739,14.0955,0.699521,BLOCKED
1785170739,14.1533,0.699682,BLOCKED
1785170740,14.0903,0.699485,BLOCKED
1785170740,14.1537,0.699656,BLOCKED
1785170741,14.0865,0.699464,BLOCKED
1785170742,14.1502,0.699623,BLOCKED
1785170808,14.1589,0.699651,BLOCKED
1785170743,14.1459,0.699618,BLOCKED
1785170744,14.0729,0.699371,BLOCKED
1785170744,14.1317,0.699551,BLOCKED
1785170745,14.0761,0.699373,BLOCKED
1785170745,14.1206,0.699508,BLOCKED
1785170746,14.0899,0.699402,BLOCKED
1785170747,14.1471,0.699575,BLOCKED
1785170813,14.0839,0.699368,BLOCKED
1785170748,14.1049,0.699409,BLOCKED
1785170748,14.1287,0.699477,BLOCKED
1785170749,14.1506,0.699531,BLOCKED
1785170750,14.1078,0.699419,BLOCKED
1785170750,14.0928,0.699363,BLOCKED
1785170751,14.0836,0.699315,BLOCKED
1785170751,14.0525,0.699204,BLOCKED
1785170752,14.0825,0.6993,BLOCKED
1785170753,14.1017,0.699348,BLOCKED
1785170753,14.0953,0.699331,BLOCKED
1785170754,14.0488,0.699167,BLOCKED
1785170754,14.0709,0.699226,BLOCKED
1785170755,14.0884,0.69929,BLOCKED
1785170756,14.1285,0.699402,BLOCKED
1785170756,14.1082,0.699316,BLOCKED
1785170757,14.1098,0.699308,BLOCKED
1785170757,14.099,0.699279,BLOCKED
1785170758,14.0591,0.699138,BLOCKED
1785170759,14.0794,0.699194,BLOCKED
1785170759,14.1099,0.699277,BLOCKED
1785170760,14.0852,0.699205,BLOCKED
1785170760,14.1129,0.69927,BLOCKED
1785170761,14.0693,0.699138,BLOCKED
1785170762,14.0397,0.699043,BLOCKED
1785170828,14.0728,0.69914,BLOCKED
1785170763,14.0804,0.69916,BLOCKED
1785170763,14.1021,0.6992,BLOCKED
1785170764,14.0827,0.69916,BLOCKED
1785170765,14.0539,0.699055,BLOCKED
1785170765,14.066,0.699087,BLOCKED
1785170766,14.0848,0.699124,BLOCKED
1785170766,14.0305,0.698956,BLOCKED
1785170767,14.0889,0.699116,BLOCKED
1785170768,14.0747,0.699061,BLOCKED
1785170768,14.0298,0.69892,BLOCKED
1785170769,14.074,0.699065,BLOCKED
1785170769,14.0133,0.698862,BLOCKED
1785170770,14.0134,0.698856,BLOCKED
1785170771,14.079,0.69906,BLOCKED
1785170771,14.0633,0.698977,BLOCKED
1785170772,13.9894,0.698757,BLOCKED
1785170772,13.9855,0.698751,BLOCKED
1785170773,14.0633,0.698983,BLOCKED
1785170774,14.0414,0.69891,BLOCKED
1785170774,13.9959,0.698752,BLOCKED
1785170775,14.0295,0.698845,BLOCKED
1785170775,13.9744,0.698686,BLOCKED
1785170776,14.0016,0.698732,BLOCKED
1785170777,14.0324,0.698829,BLOCKED
1785170843,14.0047,0.698742,BLOCKED
1785170778,14.0059,0.698733,BLOCKED
1785170779,14.0337,0.698817,BLOCKED
1785170779,14.0504,0.698861,BLOCKED
1785170780,13.9746,0.698604,BLOCKED
1785170780,14.0043,0.698699,BLOCKED
1785170781,13.9715,0.698604,BLOCKED
1785170782,13.9991,0.698669,BLOCKED
1785170782,13.971,0.698566,BLOCKED
1785170848,14.0175,0.698715,BLOCKED
1785170783,14.0034,0.698666,BLOCKED
1785170784,14.0018,0.698639,BLOCKED
1785170784,14.0172,0.698671,BLOCKED
1785170785,14.0353,0.698739,BLOCKED
1785170786,13.9519,0.698479,BLOCKED
1785170786,14.0179,0.698665,BLOCKED
1785170787,13.9701,0.698522,BLOCKED
1785170853,13.9493,0.698447,BLOCKED
1785170788,14.0036,0.698603,BLOCKED
1785170789,13.986,0.698538,BLOCKED
1785170789,14.0047,0.698583,BLOCKED
1785170790,14.0029,0.698582,BLOCKED
1785170790,13.946,0.698378,BLOCKED
1785170791,13.966,0.698433,BLOCKED
1785170792,13.9888,0.698502,BLOCKED
1785170858,14.0102,0.698572,BLOCKED
1785170793,13.9706,0.698448,BLOCKED
1785170794,13.9968,0.698515,BLOCKED
1785170794,13.935,0.698309,BLOCKED
1785170795,13.943,0.698316,BLOCKED
1785170795,13.925,0.698267,BLOCKED
1785170796,13.9214,0.698236,BLOCKED
1785170797,14.0049,0.698478,BLOCKED
1785170797,14.0039,0.698495,BLOCKED
1785170863,13.9795,0.698401,BLOCKED
1785170798,14.0019,0.698459,BLOCKED
1785170799,13.9631,0.698336,BLOCKED
1785170799,13.9514,0.698288,BLOCKED
1785170800,13.9003,0.698135,BLOCKED
1785170801,13.9269,0.698187,BLOCKED
1785170801,13.9785,0.698341,BLOCKED
1785170802,13.9597,0.698277,BLOCKED
1785170803,13.9064,0.69811,BLOCKED
1785170803,13.9891,0.698365,BLOCKED
1785170804,13.9456,0.698231,BLOCKED
1785170804,13.9271,0.698157,BLOCKED
1785170805,13.8966,0.69806,BLOCKED
1785170806,13.942,0.698179,BLOCKED
1785170806,13.9738,0.698286,BLOCKED
1785170807,13.9435,0.698174,BLOCKED
1785170873,13.9362,0.698135,BLOCKED
1785170808,13.9367,0.698131,BLOCKED
1785170809,13.8743,0.697929,BLOCKED
1785170809,13.8981,0.69802,BLOCKED
1785170810,13.9268,0.69809,BLOCKED
1785170810,13.8822,0.697929,BLOCKED
1785170811,13.9414,0.698109,BLOCKED
1785170812,13.9209,0.698039,BLOCKED
1785170812,13.8789,0.697906,BLOCKED
1785170878,13.8951,0.69794,BLOCKED
1785170814,13.9421,0.698076,BLOCKED
1785170814,13.8921,0.697932,BLOCKED
1785170815,13.8629,0.697821,BLOCKED
1785170815,13.903,0.697955,BLOCKED
1785170816,13.8816,0.69787,BLOCKED
1785170817,13.915,0.697951,BLOCKED
1785170817,13.8742,0.697843,BLOCKED
1785170883,13.9079,0.697931,BLOCKED
1785170884,13.9351,0.698014,BLOCKED
1785170884,13.8598,0.697774,BLOCKED
1785170885,13.9094,0.697915,BLOCKED
1785170885,13.9041,0.697888,BLOCKED
1785170822,13.927,0.697943,BLOCKED
1785170823,13.9138,0.697885,BLOCKED
1785170823,13.8643,0.697738,BLOCKED
1785170888,13.8878,0.697798,BLOCKED
1785170823,13.9024,0.697842,BLOCKED
1785170824,13.9259,0.697912,BLOCKED
1785170824,13.8304,0.697593,BLOCKED
1785170825,13.8943,0.697806,BLOCKED
1785170826,13.9058,0.697807,BLOCKED
1785170826,13.8395,0.697611,BLOCKED
1785170827,13.8942,0.69778,BLOCKED
1785170827,13.8616,0.697655,BLOCKED
1785170828,13.8262,0.697543,BLOCKED
1785170828,13.8632,0.697663,BLOCKED
1785170829,13.8512,0.697593,BLOCKED
1785170830,13.8339,0.697538,BLOCKED
1785170830,13.8438,0.697573,BLOCKED
1785170831,13.8152,0.697475,BLOCKED
1785170831,13.8614,0.697614,BLOCKED
1785170832,13.8549,0.697581,BLOCKED
1785170833,13.8129,0.697445,BLOCKED
1785170833,13.8261,0.697485,BLOCKED
1785170834,13.8381,0.697506,BLOCKED
1785170834,13.8459,0.697523,BLOCKED
1785170835,13.7949,0.697372,BLOCKED
1785170836,13.8549,0.697545,BLOCKED
1785170836,13.821,0.697417,BLOCKED
1785170837,13.8342,0.697456,BLOCKED
1785170903,13.8247,0.697428,BLOCKED
1785170838,13.7993,0.697335,BLOCKED
1785170839,13.8108,0.697374,BLOCKED
1785170839,13.8314,0.697429,BLOCKED
1785170840,13.7788,0.697238,BLOCKED
1785170840,13.8491,0.697465,BLOCKED
1785170841,13.8626,0.697483,BLOCKED
1785170842,13.8163,0.69733,BLOCKED
1785170842,13.8419,0.697396,BLOCKED
1785170843,13.7803,0.697201,BLOCKED
1785170844,13.8264,0.697357,BLOCKED
1785170844,13.8076,0.697287,BLOCKED
1785170845,13.8425,0.69739,BLOCKED
1785170845,13.7907,0.697214,BLOCKED
1785170846,13.8093,0.697265,BLOCKED
1785170847,13.7766,0.69714,BLOCKED
1785170847,13.8501,0.697373,BLOCKED
1785170913,13.7813,0.697141,BLOCKED
1785170914,13.8124,0.697228,BLOCKED
1785170914,13.7726,0.697101,BLOCKED
1785170915,13.814,0.697228,BLOCKED
1785170915,13.7877,0.697138,BLOCKED
1785170916,13.8413,0.697292,BLOCKED
1785170852,13.7768,0.697106,BLOCKED
1785170853,13.8401,0.697283,BLOCKED
1785170918,13.7658,0.697054,BLOCKED
1785170918,13.742,0.69697,BLOCKED
1785170919,13.8129,0.697161,BLOCKED
1785170920,13.777,0.697068,BLOCKED
1785170855,13.7582,0.696996,BLOCKED
1785170856,13.7698,0.697006,BLOCKED
1785170857,13.7307,0.696901,BLOCKED
1785170857,13.8192,0.697158,BLOCKED
1785170858,13.7632,0.696966,BLOCKED
1785170923,13.7482,0.696928,BLOCKED
1785170924,13.7347,0.696881,BLOCKED
1785170924,13.8161,0.697096,BLOCKED
1785170925,13.7963,0.697028,BLOCKED
1785170926,13.7546,0.696894,BLOCKED
1785170926,13.7735,0.696948,BLOCKED
1785170927,13.8035,0.697044,BLOCKED
1785170927,13.7317,0.69683,BLOCKED
1785170928,13.7233,0.696769,BLOCKED
1785170929,13.761,0.696899,BLOCKED
1785170929,13.7751,0.696939,BLOCKED
1785170930,13.7436,0.696832,BLOCKED
1785170931,13.7143,0.696718,BLOCKED
1785170931,13.7486,0.696809,BLOCKED
1785170932,13.7898,0.696934,BLOCKED
1785170932,13.7012,0.696664,BLOCKED
1785170933,13.7812,0.69688,BLOCKED
1785170934,13.7174,0.696709,BLOCKED
1785170934,13.7363,0.696729,BLOCKED
1785170935,13.7193,0.696676,BLOCKED
1785170935,13.6874,0.696582,BLOCKED
1785170936,13.7034,0.696627,BLOCKED
1785170870,13.6955,0.696592,BLOCKED
1785170871,13.6962,0.696575,BLOCKED
1785170871,13.7624,0.69679,BLOCKED
1785170938,13.6842,0.696526,BLOCKED
1785170939,13.7433,0.696692,BLOCKED
1785170940,13.6975,0.696552,BLOCKED
1785170940,13.6961,0.696554,BLOCKED
1785170941,13.6939,0.696515,BLOCKED
1785170941,13.7507,0.69668,BLOCKED
1785170942,13.6761,0.696444,BLOCKED
1785170943,13.6944,0.696511,BLOCKED
1785170943,13.7395,0.696643,BLOCKED
1785170944,13.6826,0.696448,BLOCKED
1785170944,13.6938,0.696477,BLOCKED
1785170878,13.6589,0.696354,BLOCKED
1785170878,13.7384,0.696594,BLOCKED
1785170879,13.7295,0.696572,BLOCKED
1785170879,13.7183,0.696539,BLOCKED
1785170880,13.7299,0.696543,BLOCKED
1785170948,13.7014,0.696455,BLOCKED
1785170949,13.6487,0.696288,BLOCKED
1785170884,13.6547,0.696286,BLOCKED
1785170885,13.7204,0.696479,BLOCKED
1785170885,13.69,0.696393,BLOCKED
1785170886,13.6726,0.696322,BLOCKED
1785170887,13.7348,0.696499,BLOCKED
1785170887,13.729,0.696491,BLOCKED
1785170888,13.6399,0.696199,BLOCKED
1785170953,13.6396,0.696193,BLOCKED
1785170954,13.6333,0.696157,BLOCKED
1785170955,13.7283,0.696466,BLOCKED
1785170890,13.7047,0.696375,BLOCKED
1785170891,13.6912,0.696316,BLOCKED
1785170891,13.7062,0.696348,BLOCKED
1785170892,13.6509,0.696172,BLOCKED
1785170892,13.673,0.696257,BLOCKED
1785170958,13.6502,0.696168,BLOCKED
1785170893,13.6858,0.696269,BLOCKED
1785170894,13.6287,0.696082,BLOCKED
1785170895,13.6707,0.696202,BLOCKED
1785170895,13.6711,0.696216,BLOCKED
1785170896,13.615,0.696016,BLOCKED
1785170896,13.7013,0.696276,BLOCKED
1785170897,13.6657,0.696169,BLOCKED
1785170898,13.6266,0.696039,BLOCKED
1785170898,13.609,0.695987,BLOCKED
1785170899,13.606,0.69596,BLOCKED
1785170899,13.6512,0.696101,BLOCKED
1785170900,13.6789,0.696147,BLOCKED
1785170901,13.5999,0.6959,BLOCKED
1785170901,13.6408,0.696027,BLOCKED
1785170902,13.5965,0.695886,BLOCKED
1785170968,13.644,0.696033,BLOCKED
1785170968,13.5908,0.69586,BLOCKED
1785170903,13.5878,0.695854,BLOCKED
1785170904,13.6347,0.695979,BLOCKED
1785170905,13.6516,0.696008,BLOCKED
1785170905,13.6133,0.695877,BLOCKED
1785170906,13.6467,0.695971,BLOCKED
1785170906,13.6746,0.696072,BLOCKED
1785170907,13.66,0.696018,BLOCKED
1785170908,13.6388,0.695935,BLOCKED
1785170908,13.6379,0.695918,BLOCKED
1785170909,13.5877,0.695756,BLOCKED
1785170910,13.6182,0.695857,BLOCKED
1785170910,13.6223,0.695845,BLOCKED
1785170911,13.5975,0.695762,BLOCKED
1785170911,13.5636,0.695662,BLOCKED
1785170912,13.5708,0.695663,BLOCKED
1785170978,13.5698,0.695678,BLOCKED
1785170913,13.5649,0.695649,BLOCKED
1785170914,13.6409,0.695861,BLOCKED
1785170915,13.6104,0.695761,BLOCKED
1785170915,13.5533,0.695588,BLOCKED
1785170916,13.5962,0.695719,BLOCKED
1785170916,13.6249,0.695781,BLOCKED
1785170917,13.594,0.69567,BLOCKED
1785170983,13.5645,0.695593,BLOCKED
1785170918,13.5741,0.695617,BLOCKED
1785170919,13.5656,0.695559,BLOCKED
1785170919,13.5573,0.695534,BLOCKED
1785170920,13.6152,0.695711,BLOCKED
1785170921,13.6076,0.695672,BLOCKED
1785170921,13.5424,0.695463,BLOCKED
1785170922,13.6083,0.695664,BLOCKED
1785170922,13.6071,0.695669,BLOCKED
1785170923,13.6044,0.695644,BLOCKED
1785170924,13.5343,0.695423,BLOCKED
1785170924,13.55,0.695465,BLOCKED
1785170925,13.5381,0.695417,BLOCKED
1785170925,13.5276,0.695365,BLOCKED
1785170926,13.5659,0.695491,BLOCKED
1785170927,13.5925,0.695569,BLOCKED
1785170927,13.5273,0.695358,BLOCKED
1785170993,13.532,0.695357,BLOCKED
1785170929,13.522,0.695303,BLOCKED
1785170929,13.6054,0.695571,BLOCKED
1785170930,13.6058,0.695563,BLOCKED
1785170930,13.5685,0.695444,BLOCKED
1785170931,13.5876,0.695497,BLOCKED
1785170932,13.5348,0.69533,BLOCKED
1785170932,13.5281,0.695273,BLOCKED
1785170998,13.5706,0.695398,BLOCKED
1785170998,13.5686,0.695401,BLOCKED
1785170999,13.5078,0.695212,BLOCKED
1785170935,13.5392,0.695304,BLOCKED
1785170936,13.5497,0.695305,BLOCKED
1785170936,13.5564,0.695322,BLOCKED
1785170937,13.5787,0.6954,BLOCKED
1785170937,13.499,0.695151,BLOCKED
1785170938,13.5497,0.695297,BLOCKED
1785171003,13.5407,0.695245,BLOCKED
1785170938,13.4849,0.695081,BLOCKED
1785170939,13.5687,0.695332,BLOCKED
1785170940,13.5059,0.695104,BLOCKED
1785170940,13.5607,0.695286,BLOCKED
1785170941,13.5248,0.695158,BLOCKED
1785170941,13.4815,0.695029,BLOCKED
1785170942,13.5066,0.695077,BLOCKED
1785170943,13.5119,0.695089,BLOCKED
1785170943,13.4979,0.695036,BLOCKED
1785170944,13.5505,0.695194,BLOCKED
1785170945,13.4882,0.695017,BLOCKED
1785170945,13.5398,0.69516,BLOCKED
1785170946,13.4926,0.694987,BLOCKED
1785170946,13.4947,0.695003,BLOCKED
1785170947,13.4858,0.694952,BLOCKED
1785171013,13.5114,0.695049,BLOCKED
1785170948,13.4928,0.694968,BLOCKED
1785170949,13.5264,0.695078,BLOCKED
1785170949,13.5448,0.695118,BLOCKED
1785170950,13.4677,0.694853,BLOCKED
1785170951,13.4518,0.694808,BLOCKED
1785170951,13.4559,0.694809,BLOCKED
1785170952,13.4482,0.694792,BLOCKED
1785170952,13.4746,0.694854,BLOCKED
1785171018,13.4992,0.694929,BLOCKED
1785170953,13.504,0.694926,BLOCKED
1785170954,13.4489,0.694765,BLOCKED
1785170955,13.4761,0.694826,BLOCKED
1785170955,13.5206,0.694971,BLOCKED
1785170956,13.4333,0.694686,BLOCKED
1785170956,13.4375,0.694691,BLOCKED
1785170957,13.4456,0.694703,BLOCKED
1785170958,13.5063,0.694883,BLOCKED
1785170958,13.4745,0.694789,BLOCKED
1785170959,13.4241,0.694602,BLOCKED
1785170960,13.4496,0.694684,BLOCKED
1785170960,13.4262,0.694612,BLOCKED
1785170961,13.4695,0.694747,BLOCKED
1785170961,13.4376,0.694612,BLOCKED
1785170962,13.4232,0.694586,BLOCKED
1785171028,13.4904,0.694764,BLOCKED
1785170963,13.4648,0.694694,BLOCKED
1785170964,13.4498,0.694625,BLOCKED
1785170964,13.4168,0.694526,BLOCKED
1785170965,13.4477,0.694604,BLOCKED
1785170965,13.45,0.694622,BLOCKED
1785170966,13.4296,0.694527,BLOCKED
1785170967,13.4797,0.694678,BLOCKED
1785170967,13.4763,0.694655,BLOCKED
1785170968,13.4486,0.694579,BLOCKED
1785170969,13.4538,0.694569,BLOCKED
1785170969,13.4649,0.694593,BLOCKED
1785170970,13.4122,0.694446,BLOCKED
1785170970,13.4411,0.694506,BLOCKED
1785170971,13.4611,0.694587,BLOCKED
1785170972,13.4197,0.694447,BLOCKED
1785170972,13.452,0.694524,BLOCKED
1785170973,13.4081,0.694397,BLOCKED
1785170973,13.4296,0.694455,BLOCKED
1785170974,13.4598,0.694538,BLOCKED
1785170975,13.4554,0.694514,BLOCKED
1785170975,13.4517,0.694489,BLOCKED
1785170976,13.3807,0.694254,BLOCKED
1785170976,13.3905,0.694293,BLOCKED
1785170977,13.4018,0.694325,BLOCKED
1785171043,13.4235,0.694381,BLOCKED
1785170978,13.3981,0.69429,BLOCKED
1785170979,13.4512,0.694425,BLOCKED
1785170979,13.4022,0.694299,BLOCKED
1785170980,13.4445,0.694392,BLOCKED
1785170980,13.4198,0.694314,BLOCKED
1785170981,13.4456,0.69438,BLOCKED
1785170982,13.4482,0.694392,BLOCKED
1785170982,13.355,0.694099,BLOCKED
1785170983,13.4436,0.694364,BLOCKED
1785170984,13.3865,0.694193,BLOCKED
1785170984,13.4322,0.694299,BLOCKED
1785170985,13.3782,0.694125,BLOCKED
1785170985,13.344,0.694039,BLOCKED
1785170986,13.3606,0.69408,BLOCKED
1785170987,13.4235,0.694255,BLOCKED
1785170987,13.4104,0.694198,BLOCKED
1785171053,13.3381,0.693981,BLOCKED
1785171054,13.4063,0.694178,BLOCKED
1785171054,13.3441,0.693991,BLOCKED
1785171055,13.3367,0.693948,BLOCKED
1785171056,13.3584,0.694023,BLOCKED
1785171056,13.4073,0.694158,BLOCKED
1785171057,13.3497,0.693978,BLOCKED
1785171057,13.3313,0.693911,BLOCKED
1785171058,13.402,0.694112,BLOCKED
1785171059,13.366,0.693982,BLOCKED
1785171059,13.3389,0.693905,BLOCKED
1785171060,13.3705,0.693997,BLOCKED
1785171060,13.3091,0.693803,BLOCKED
1785171061,13.4005,0.694069,BLOCKED
1785171062,13.3589,0.693934,BLOCKED
1785171062,13.394,0.694019,BLOCKED
1785171063,13.347,0.693889,BLOCKED
1785171063,13.3932,0.694023,BLOCKED
1785171064,13.3023,0.69373,BLOCKED
1785171065,13.3531,0.693879,BLOCKED
1785171065,13.314,0.693741,BLOCKED
1785171066,13.3008,0.69371,BLOCKED
1785171067,13.3362,0.693789,BLOCKED
1785171067,13.3829,0.69393,BLOCKED
1785171068,13.3219,0.69374,BLOCKED
1785171068,13.3119,0.693713,BLOCKED
1785171004,13.3046,0.693669,BLOCKED
1785171004,13.2995,0.693641,BLOCKED
1785171005,13.3212,0.693718,BLOCKED
1785171005,13.2914,0.693605,BLOCKED
1785171006,13.2774,0.693564,BLOCKED
1785171007,13.3205,0.69369,BLOCKED
1785171007,13.3331,0.693695,BLOCKED
1785171073,13.2882,0.693574,BLOCKED
1785171008,13.3293,0.693692,BLOCKED
1785171009,13.3022,0.693583,BLOCKED
1785171009,13.3059,0.693596,BLOCKED
1785171010,13.3037,0.693571,BLOCKED
1785171011,13.3107,0.693596,BLOCKED
1785171011,13.2769,0.693481,BLOCKED
1785171012,13.288,0.693503,BLOCKED
1785171012,13.3441,0.693687,BLOCKED
1785171079,13.2626,0.69343,BLOCKED
1785171079,13.347,0.693654,BLOCKED
1785171080,13.2914,0.69348,BLOCKED
1785171080,13.2773,0.693451,BLOCKED
1785171081,13.2947,0.69347,BLOCKED
1785171082,13.3266,0.693582,BLOCKED
1785171082,13.3176,0.69353,BLOCKED
1785171083,13.312,0.693514,BLOCKED
1785171083,13.2886,0.693424,BLOCKED
1785171084,13.3366,0.693584,BLOCKED
1785171085,13.329,0.69354,BLOCKED
1785171085,13.3119,0.69349,BLOCKED
1785171086,13.3077,0.69346,BLOCKED
1785171086,13.3044,0.693441,BLOCKED
1785171087,13.3181,0.693466,BLOCKED
1785171088,13.2333,0.693192,BLOCKED
1785171088,13.2536,0.693273,BLOCKED
1785171089,13.3215,0.69347,BLOCKED
1785171089,13.2258,0.693157,BLOCKED
1785171090,13.2543,0.693242,BLOCKED
1785171091,13.2904,0.693334,BLOCKED
1785171091,13.2351,0.693173,BLOCKED
1785171092,13.2692,0.693248,BLOCKED
1785171092,13.2486,0.693202,BLOCKED
1785171093,13.3037,0.693353,BLOCKED
1785171094,13.302,0.693326,BLOCKED
1785171094,13.2589,0.693203,BLOCKED
1785171095,13.297,0.693305,BLOCKED
1785171095,13.289,0.693277,BLOCKED
1785171096,13.2656,0.693197,BLOCKED
1785171097,13.2473,0.693129,BLOCKED
1785171097,13.2626,0.693177,BLOCKED
1785171098,13.2267,0.693063,BLOCKED
1785171098,13.2755,0.693205,BLOCKED
1785171099,13.2681,0.693147,BLOCKED
1785171100,13.2022,0.692949,BLOCKED
1785171100,13.2248,0.693027,BLOCKED
1785171101,13.2681,0.693145,BLOCKED
1785171101,13.2208,0.692985,BLOCKED
1785171102,13.1855,0.692875,BLOCKED
1785171103,13.271,0.69312,BLOCKED
1785171103,13.2646,0.693093,BLOCKED
1785171104,13.1912,0.692878,BLOCKED
1785171104,13.2437,0.693027,BLOCKED
1785171105,13.1808,0.69283,BLOCKED
1785171106,13.1782,0.692813,BLOCKED
1785171106,13.1867,0.69282,BLOCKED
1785171107,13.2234,0.69293,BLOCKED
1785171107,13.2665,0.69305,BLOCKED
1785171108,13.2185,0.692877,BLOCKED
1785171109,13.2507,0.692967,BLOCKED
1785171109,13.2226,0.692885,BLOCKED
1785171110,13.1809,0.692747,BLOCKED
1785171110,13.1828,0.692753,BLOCKED
1785171111,13.1796,0.69272,BLOCKED
1785171112,13.1867,0.692752,BLOCKED
1785171112,13.1827,0.692737,BLOCKED
1785171113,13.1789,0.69271,BLOCKED
1785171113,13.2453,0.692913,BLOCKED
1785171114,13.2133,0.692783,BLOCKED
1785171115,13.1616,0.692634,BLOCKED
1785171115,13.207,0.692764,BLOCKED
1785171116,13.1473,0.692576,BLOCKED
1785171116,13.1765,0.692646,BLOCKED
1785171050,13.1746,0.692627,BLOCKED
1785171051,13.2242,0.692798,BLOCKED
1785171118,13.1572,0.692556,BLOCKED
1785171119,13.1477,0.692538,BLOCKED
1785171119,13.1838,0.692623,BLOCKED
1785171120,13.1582,0.692551,BLOCKED
1785171121,13.2257,0.692743,BLOCKED
1785171121,13.2065,0.692682,BLOCKED
1785171122,13.1516,0.692516,BLOCKED
1785171122,13.1477,0.692482,BLOCKED
1785171123,13.1831,0.692586,BLOCKED
1785171124,13.1799,0.69257,BLOCKED
1785171124,13.1411,0.692442,BLOCKED
1785171125,13.1747,0.692536,BLOCKED
1785171125,13.1292,0.692402,BLOCKED
1785171126,13.1363,0.69239,BLOCKED
1785171127,13.1554,0.692465,BLOCKED
1785171127,13.1114,0.69232,BLOCKED
1785171058,13.1287,0.692342,BLOCKED
1785171128,13.18,0.692493,BLOCKED
1785171129,13.1341,0.692351,BLOCKED
1785171130,13.1878,0.692513,BLOCKED
1785171130,13.1662,0.692423,BLOCKED
1785171064,13.0985,0.69222,BLOCKED
1785171065,13.1039,0.692244,BLOCKED
1785171066,13.104,0.692231,BLOCKED
1785171066,13.1316,0.692307,BLOCKED
1785171133,13.1575,0.692367,BLOCKED
1785171068,13.1664,0.692407,BLOCKED
1785171069,13.1627,0.692378,BLOCKED
1785171069,13.1396,0.692306,BLOCKED
1785171070,13.1204,0.692213,BLOCKED
1785171071,13.1752,0.692403,BLOCKED
1785171071,13.1131,0.692186,BLOCKED
1785171072,13.1156,0.692204,BLOCKED
1785171138,13.1348,0.692226,BLOCKED
1785171073,13.1539,0.692281,BLOCKED
1785171074,13.1586,0.692285,BLOCKED
1785171074,13.093,0.692088,BLOCKED
1785171075,13.085,0.692051,BLOCKED
1785171076,13.0769,0.692019,BLOCKED
1785171076,13.0997,0.692078,BLOCKED
1785171077,13.1302,0.692181,BLOCKED
1785171077,13.1361,0.692181,BLOCKED
1785171078,13.0578,0.691946,BLOCKED
1785171079,13.1316,0.692165,BLOCKED
1785171079,13.1437,0.692188,BLOCKED
1785171080,13.0666,0.69192,BLOCKED
1785171080,13.1223,0.692089,BLOCKED
1785171081,13.05,0.691866,BLOCKED
1785171082,13.1416,0.69215,BLOCKED
1785171082,13.0981,0.69201,BLOCKED
1785171148,13.1399,0.692134,BLOCKED
1785171083,13.0666,0.691899,BLOCKED
1785171084,13.0894,0.691951,BLOCKED
1785171085,13.1314,0.692065,BLOCKED
1785171085,13.0998,0.691965,BLOCKED
1785171086,13.1001,0.691949,BLOCKED
1785171086,13.0921,0.691926,BLOCKED
1785171087,13.0782,0.69188,BLOCKED
1785171153,13.0883,0.691907,BLOCKED
1785171088,13.0611,0.69182,BLOCKED
1785171089,13.0864,0.691891,BLOCKED
1785171090,13.0755,0.691835,BLOCKED
1785171090,13.1077,0.691933,BLOCKED
1785171091,13.1098,0.691924,BLOCKED
1785171091,13.063,0.69178,BLOCKED
1785171092,13.0196,0.691624,BLOCKED
1785171093,13.0275,0.691649,BLOCKED
1785171093,13.106,0.691874,BLOCKED
1785171094,13.0148,0.691579,BLOCKED
1785171094,13.0243,0.691607,BLOCKED
1785171095,13.0235,0.691603,BLOCKED
1785171096,13.0637,0.691712,BLOCKED
1785171096,13.0047,0.691526,BLOCKED
1785171097,13.059,0.691675,BLOCKED
1785171097,13.0209,0.691574,BLOCKED
1785171163,13.0418,0.69163,BLOCKED
1785171098,13.0451,0.691624,BLOCKED
1785171099,13.0191,0.691532,BLOCKED
1785171100,13.0003,0.691469,BLOCKED
1785171100,12.9946,0.691452,BLOCKED
1785171101,12.9939,0.691447,BLOCKED
1785171101,12.996,0.691447,BLOCKED
1785171102,12.9851,0.691377,BLOCKED
1785171168,13.0518,0.691604,BLOCKED
1785171103,12.9917,0.691408,BLOCKED
1785171104,12.9803,0.691337,BLOCKED
1785171104,13.0764,0.691645,BLOCKED
1785171105,13.0073,0.691431,BLOCKED
1785171106,12.9761,0.691328,BLOCKED
1785171106,13.0478,0.691538,BLOCKED
1785171107,12.9751,0.691286,BLOCKED
1785171107,13.0239,0.691433,BLOCKED
1785171174,13.0046,0.691366,BLOCKED
1785171109,12.9899,0.691321,BLOCKED
1785171109,13.0552,0.691521,BLOCKED
1785171110,12.9683,0.691246,BLOCKED
1785171110,13.0006,0.691334,BLOCKED
1785171111,13.0245,0.691379,BLOCKED
1785171112,12.9626,0.691197,BLOCKED
1785171112,13.0002,0.691313,BLOCKED
1785171178,13.0083,0.691311,BLOCKED
1785171114,12.9506,0.691135,BLOCKED
1785171114,12.9542,0.691135,BLOCKED
1785171115,12.9975,0.691278,BLOCKED
1785171115,12.9877,0.691209,BLOCKED
1785171116,12.959,0.69112,BLOCKED
1785171117,12.9867,0.691202,BLOCKED
1785171117,13.0212,0.69131,BLOCKED
1785171183,12.9561,0.691105,BLOCKED
1785171118,13.0161,0.691261,BLOCKED
1785171119,12.9549,0.691066,BLOCKED
1785171119,12.9685,0.6911,BLOCKED
1785171120,12.9827,0.691136,BLOCKED
1785171121,12.9834,0.691129,BLOCKED
1785171121,12.9583,0.691041,BLOCKED
1785171122,12.9743,0.691108,BLOCKED
1785171122,13.0007,0.691172,BLOCKED
1785171123,12.9616,0.691046,BLOCKED
1785171124,13.0148,0.691195,BLOCKED
1785171124,13.0133,0.691182,BLOCKED
1785171125,12.9875,0.691088,BLOCKED
1785171126,12.9897,0.691098,BLOCKED
1785171126,12.9362,0.690932,BLOCKED
1785171127,12.9622,0.691001,BLOCKED
1785171127,12.9109,0.690844,BLOCKED
1785171193,12.9222,0.69085,BLOCKED
1785171129,12.9621,0.690969,BLOCKED
1785171129,12.951,0.690925,BLOCKED
1785171130,12.9887,0.691022,BLOCKED
1785171130,12.972,0.690963,BLOCKED
1785171131,12.9263,0.690831,BLOCKED
1785171132,12.9844,0.690995,BLOCKED
1785171132,12.8986,0.690725,BLOCKED
1785171198,12.9841,0.690981,BLOCKED
1785171133,12.9884,0.690994,BLOCKED
1785171134,12.8937,0.690698,BLOCKED
1785171135,12.9249,0.690783,BLOCKED
1785171135,12.974,0.690917,BLOCKED
1785171136,12.9407,0.690801,BLOCKED
1785171136,12.9118,0.690712,BLOCKED
1785171137,12.9426,0.690797,BLOCKED
1785171138,12.9097,0.690698,BLOCKED
1785171138,12.9404,0.690772,BLOCKED
1785171139,12.8742,0.690554,BLOCKED
1785171139,12.9607,0.690827,BLOCKED
1785171140,12.8867,0.690593,BLOCKED
1785171141,12.8987,0.690625,BLOCKED
1785171141,12.934,0.690724,BLOCKED
1785171142,12.9392,0.690739,BLOCKED
1785171142,12.9399,0.690713,BLOCKED
1785171208,12.8658,0.690482,BLOCKED
1785171144,12.9417,0.690723,BLOCKED
1785171144,12.8985,0.690553,BLOCKED
1785171145,12.9254,0.690653,BLOCKED
1785171145,12.9036,0.690577,BLOCKED
1785171146,12.8574,0.690419,BLOCKED
1785171147,12.883,0.690483,BLOCKED
1785171147,12.8804,0.690477,BLOCKED
1785171213,12.8875,0.690476,BLOCKED
1785171148,12.8632,0.6904,BLOCKED
1785171149,12.9053,0.690523,BLOCKED
1785171150,12.8748,0.690436,BLOCKED
1785171150,12.8434,0.690327,BLOCKED
1785171151,12.8452,0.690316,BLOCKED
1785171151,12.8887,0.690437,BLOCKED
1785171152,12.8777,0.690398,BLOCKED
1785171153,12.8414,0.690267,BLOCKED
1785171219,12.9012,0.690441,BLOCKED
1785171154,12.8588,0.690321,BLOCKED
1785171154,12.9209,0.690505,BLOCKED
1785171155,12.8594,0.690306,BLOCKED
1785171156,12.8996,0.690419,BLOCKED
1785171156,12.8343,0.690204,BLOCKED
1785171157,12.8989,0.69041,BLOCKED
1785171157,12.8519,0.690253,BLOCKED
1785171223,12.8782,0.690313,BLOCKED
1785171159,12.8569,0.690242,BLOCKED
1785171159,12.8892,0.690347,BLOCKED
1785171160,12.9005,0.690359,BLOCKED
1785171160,12.8253,0.690116,BLOCKED
1785171161,12.8718,0.690273,BLOCKED
1785171162,12.8559,0.690195,BLOCKED
1785171162,12.8496,0.690163,BLOCKED
1785171228,12.8215,0.690085,BLOCKED
1785171164,12.8338,0.690099,BLOCKED
1785171164,12.8749,0.690228,BLOCKED
1785171165,12.8751,0.690219,BLOCKED
1785171165,12.8522,0.690158,BLOCKED
1785171166,12.8337,0.690074,BLOCKED
1785171167,12.8311,0.690052,BLOCKED
1785171167,12.8307,0.690062,BLOCKED
1785171168,12.8138,0.690002,BLOCKED
1785171168,12.8672,0.690137,BLOCKED
1785171169,12.8141,0.689977,BLOCKED
1785171169,12.8008,0.689916,BLOCKED
1785171170,12.8573,0.690093,BLOCKED
1785171171,12.8416,0.690029,BLOCKED
1785171171,12.79,0.689866,BLOCKED
1785171172,12.816,0.689938,BLOCKED
1785171172,12.8026,0.689913,BLOCKED
1785171239,12.8362,0.689983,BLOCKED
1785171174,12.7692,0.689774,BLOCKED
1785171174,12.8024,0.689886,BLOCKED
1785171175,12.8474,0.689994,BLOCKED
1785171175,12.777,0.689768,BLOCKED
1785171176,12.828,0.689942,BLOCKED
1785171177,12.8325,0.689921,BLOCKED
1785171177,12.8015,0.68982,BLOCKED
1785171243,12.7905,0.689804,BLOCKED
1785171179,12.8527,0.689978,BLOCKED
1785171179,12.7878,0.689757,BLOCKED
1785171180,12.7953,0.689781,BLOCKED
1785171180,12.8358,0.689889,BLOCKED
1785171181,12.8103,0.689821,BLOCKED
1785171182,12.7829,0.689707,BLOCKED
1785171182,12.8363,0.689888,BLOCKED
1785171183,12.7488,0.689611,BLOCKED
1785171249,12.813,0.689788,BLOCKED
1785171184,12.8344,0.689847,BLOCKED
1785171184,12.7989,0.689724,BLOCKED
1785171185,12.7671,0.689612,BLOCKED
1785171186,12.7776,0.689631,BLOCKED
1785171186,12.768,0.689594,BLOCKED
1785171187,12.8032,0.689707,BLOCKED
1785171187,12.8203,0.689762,BLOCKED
1785171188,12.7253,0.689442,BLOCKED
1785171189,12.7947,0.68966,BLOCKED
1785171189,12.7734,0.689595,BLOCKED
1785171190,12.8089,0.689701,BLOCKED
1785171191,12.7805,0.689581,BLOCKED
1785171191,12.7206,0.689393,BLOCKED
1785171192,12.7401,0.689444,BLOCKED
1785171192,12.7351,0.689426,BLOCKED
1785171258,12.7454,0.689435,BLOCKED
1785171193,12.7959,0.689586,BLOCKED
1785171194,12.7453,0.689438,BLOCKED
1785171195,12.7148,0.689333,BLOCKED
1785171195,12.7612,0.689461,BLOCKED
1785171196,12.7933,0.689554,BLOCKED
1785171197,12.7001,0.689254,BLOCKED
1785171197,12.7305,0.68935,BLOCKED
1785171198,12.7151,0.6893,BLOCKED
1785171198,12.7601,0.689415,BLOCKED
1785171199,12.748,0.689368,BLOCKED
1785171200,12.7834,0.689479,BLOCKED
1785171200,12.7832,0.689478,BLOCKED
1785171201,12.6993,0.689191,BLOCKED
1785171201,12.7766,0.689439,BLOCKED
1785171202,12.7375,0.689297,BLOCKED
1785171203,12.7358,0.68929,BLOCKED
1785171203,12.7567,0.68934,BLOCKED
1785171204,12.7398,0.689302,BLOCKED
1785171204,12.7171,0.689223,BLOCKED
1785171205,12.7732,0.689381,BLOCKED
1785171206,12.7071,0.689151,BLOCKED
1785171206,12.7081,0.689152,BLOCKED
1785171207,12.7057,0.689146,BLOCKED
1785171207,12.7079,0.689141,BLOCKED
1785171273,12.7364,0.689223,BLOCKED
1785171209,12.7144,0.689144,BLOCKED
1785171209,12.7414,0.689219,BLOCKED
1785171210,12.6605,0.68896,BLOCKED
1785171210,12.7294,0.689178,BLOCKED
1785171211,12.685,0.689037,BLOCKED
1785171212,12.6904,0.689024,BLOCKED
1785171212,12.6814,0.689005,BLOCKED
1785171213,12.7416,0.689189,BLOCKED
1785171213,12.6518,0.688887,BLOCKED
1785171214,12.6693,0.688932,BLOCKED
1785171215,12.6692,0.688932,BLOCKED
1785171215,12.6609,0.68889,BLOCKED
1785171216,12.719,0.689074,BLOCKED
1785171216,12.6642,0.68889,BLOCKED
1785171217,12.7109,0.689027,BLOCKED
1785171218,12.698,0.688978,BLOCKED
1785171284,12.6518,0.688838,BLOCKED
1785171219,12.6359,0.688755,BLOCKED
1785171219,12.6465,0.688805,BLOCKED
1785171220,12.6367,0.688744,BLOCKED
1785171220,12.7118,0.68897,BLOCKED
1785171221,12.6893,0.688908,BLOCKED
1785171222,12.6822,0.688866,BLOCKED
1785171222,12.673,0.688849,BLOCKED
1785171288,12.6706,0.68882,BLOCKED
1785171224,12.6362,0.688695,BLOCKED
1785171224,12.7144,0.688946,BLOCKED
1785171225,12.6296,0.688652,BLOCKED
1785171225,12.6968,0.688859,BLOCKED
1785171226,12.6222,0.688635,BLOCKED
1785171227,12.6481,0.688713,BLOCKED
1785171227,12.698,0.688837,BLOCKED
1785171228,12.6867,0.688805,BLOCKED
1785171228,12.6166,0.688578,BLOCKED
1785171229,12.7008,0.688844,BLOCKED
1785171230,12.6378,0.688629,BLOCKED
1785171230,12.6126,0.688547,BLOCKED
1785171231,12.6742,0.688719,BLOCKED
1785171231,12.6874,0.688767,BLOCKED
1785171232,12.676,0.688709,BLOCKED
1785171233,12.6354,0.688597,BLOCKED
1785171233,12.6091,0.688506,BLOCKED
1785171234,12.686,0.688734,BLOCKED
1785171235,12.623,0.688532,BLOCKED
1785171235,12.643,0.68857,BLOCKED
1785171236,12.5854,0.688371,BLOCKED
1785171236,12.6711,0.688652,BLOCKED
1785171237,12.6628,0.688595,BLOCKED
1785171238,12.6265,0.688492,BLOCKED
1785171303,12.6548,0.688564,BLOCKED
1785171304,12.6414,0.688535,BLOCKED
1785171305,12.6526,0.688536,BLOCKED
1785171305,12.6526,0.688544,BLOCKED
1785171306,12.6176,0.688431,BLOCKED
1785171306,12.5982,0.688365,BLOCKED
1785171307,12.6223,0.688419,BLOCKED
1785171308,12.6284,0.688421,BLOCKED
1785171308,12.6447,0.688462,BLOCKED
1785171309,12.5709,0.688221,BLOCKED
1785171309,12.6092,0.688337,BLOCKED
1785171310,12.5548,0.688163,BLOCKED
1785171311,12.5533,0.688166,BLOCKED
1785171311,12.619,0.68836,BLOCKED
1785171312,12.5787,0.688208,BLOCKED
1785171312,12.5794,0.688212,BLOCKED
1785171313,12.5532,0.688136,BLOCKED
1785171314,12.6093,0.68829,BLOCKED
1785171314,12.6006,0.688252,BLOCKED
1785171315,12.5588,0.688124,BLOCKED
1785171315,12.5738,0.688162,BLOCKED
1785171316,12.5633,0.688113,BLOCKED
1785171317,12.6183,0.688277,BLOCKED
1785171317,12.6036,0.688238,BLOCKED
1785171318,12.5543,0.68806,BLOCKED
1785171318,12.5795,0.688151,BLOCKED
1785171254,12.5652,0.688073,BLOCKED
1785171254,12.5314,0.687978,BLOCKED
1785171255,12.5885,0.688133,BLOCKED
1785171256,12.539,0.687985,BLOCKED
1785171256,12.5425,0.687981,BLOCKED
1785171257,12.5874,0.688106,BLOCKED
1785171257,12.5585,0.688004,BLOCKED
1785171258,12.5206,0.687887,BLOCKED
1785171324,12.6081,0.688145,BLOCKED
1785171325,12.5819,0.68806,BLOCKED
1785171259,12.5341,0.68791,BLOCKED
1785171260,12.5175,0.687833,BLOCKED
1785171260,12.5115,0.68783,BLOCKED
1785171261,12.5249,0.68786,BLOCKED
1785171262,12.5875,0.688026,BLOCKED
1785171262,12.5883,0.688019,BLOCKED
1785171329,12.5331,0.687848,BLOCKED
1785171264,12.5187,0.687811,BLOCKED
1785171265,12.5813,0.68799,BLOCKED
1785171265,12.5621,0.687917,BLOCKED
1785171266,12.5306,0.687821,BLOCKED
1785171266,12.5846,0.68796,BLOCKED
1785171267,12.5154,0.687752,BLOCKED
1785171268,12.5839,0.687953,BLOCKED
1785171334,12.4917,0.687651,BLOCKED
1785171334,12.5645,0.687865,BLOCKED
1785171269,12.554,0.687824,BLOCKED
1785171270,12.5484,0.687815,BLOCKED
1785171270,12.523,0.687739,BLOCKED
1785171271,12.5499,0.687798,BLOCKED
1785171271,12.5672,0.687843,BLOCKED
1785171272,12.4716,0.687556,BLOCKED
1785171273,12.4858,0.687585,BLOCKED
1785171339,12.4908,0.687592,BLOCKED
1785171274,12.533,0.687725,BLOCKED
1785171274,12.4684,0.687515,BLOCKED
1785171275,12.4702,0.68751,BLOCKED
1785171276,12.4984,0.687573,BLOCKED
1785171276,12.5297,0.687655,BLOCKED
1785171277,12.5512,0.687718,BLOCKED
1785171277,12.4704,0.687465,BLOCKED
1785171344,12.4817,0.687483,BLOCKED
